,company names,phones,urls,emails
0,"VENFRICO NAVARRA, S.L.",948290944,www.venfrico.com,venfrico@venfrico.com
1,"G. COPROVEN CLIMATIZACION, S.L.",943337169,www.coproven.com,suministros@coproven.com
2,"BRICOLAJE ALPUENTE, S.L.",961440254,www.ismaelnatividad.com,info@ismaelnatividad.com
3,"ALMACENES COFESUR, S.L.",not found,www.cofesur.es,comercial@cofesur.es
4,"LA CASA DEL PINTOR TU CASA, S.L.",not found,www.casa-del-coche.business.site,not found
5,"MATERIALS DE CONSTRUCCIO MARTORELL TORRANDELL, S.L.",971534757,www.bdbmartosa.com,martosa@grupbdb.com
6,"MANXA 1.901, S.L.",972274530,www.manxa.es,administracio@manxa.com
7,"ELOLA DOS, S.L.",916681146,www.elolados.com,ventas@elolados.com
9,"PRODUCTES NATURALS CATALUNYA, S.L.",937753213,www.proncat.es,info@procat.com
10,"EDISER CASTELLNOU, S.L.",935870102,WWW.GRUPOEDISER.COM,castellnou@grupoediser.com
11,"FARECOR MORTEROS, S.L.",957509314,www.farecor.es,info@farecor.com
12,"PROMOTORA DEL GARRAF, S.L.",938448041,www.emccat.cat,info@progasa.net
13,"ELECTRO SOLER MANILS, S.L.",937784389,www.electrosoler.com,comercial@electrosoler.com
14,"MIGAL FONQUIVIR, S.L.",954359932,www.migalfonquivir.es,pedidos@migalfonquivir.com
15,"CLIVENT ESPECIALISTES EN VENTILACIO, S.A.",937205910,www.clivent.cat,clivent@clivent.cat
16,"LESMA TUDELA, S.L.",948827718,mailto:lesma@grupobdb.com?subject=Contacto desde https://empresite.eleconomista.es,lesma@grupobdb.com
17,"MATERIALS FARRENY, S.L.",973445098,www.materialsfarreny.com,materials@materialsfarreny.com
18,"ARMALLATS, S.A.",972290029,mailto:armallats@armangue.net?subject=Contacto desde https://empresite.eleconomista.es,armallats@armangue.net
19,"CONSTRUCCIONES OLIASTUR, S.A.",not found,www.construcciones-cma.com,not found
20,"GRESAIDA EIVISSA, S.L.",971318810,www.gresaida.es,comercial@gresaida.com
21,"GRESS ARGENTONA, S.L.",937414716,www.gress.es,info@gress.es
23,"NOVELEC CERDANYOLA, S.L.",935947072,mailto:cerdanyola@gruponovelec.com?subject=Contacto desde https://empresite.eleconomista.es,cerdanyola@gruponovelec.com
24,"NOVELEC MARESME, S.L.",937588866,www.gruponovelec.com,maresme@gruponovelec.com
25,"NOVELEC GARPE, S.L.",972969195,www.novelec-electric.com,girones@gruponovelec.com
26,"SANEAMIENTOS LINARES, S.L.",958570319,www.bigmat.es,linares@bigmat.es
27,"NOVELEC RONDES, S.L.",934753203,www.gruponovelec.com,rondes@gruponovelec.com
28,"NOVELEC BAIX CAMP, S.L.",977124075,www.gruponovelec.com,baixcamp@gruponovelec.com
29,"HIJOS DE EL TURRO, S.L.",958660691,mailto:info@hijosdelturro.es?subject=Contacto desde https://empresite.eleconomista.es,info@hijosdelturro.es
30,"VILLACASETAS, S.L.",918030899,mailto:villacasetas@hotmail.com?subject=Contacto desde https://empresite.eleconomista.es,villacasetas@hotmail.com
31,"CENTRALDIS, S.C.P.",938392484,not found,not found
32,"MELERO CB, S.L.",not found,www.melerologistica.es,administracion@melerologistica.es
33,"BRICO EXPRESS, S.L.U.",938443362,https://ranking-empresas.eleconomista.es/ranking_empresas_nacional.html,not found
34,"SUBMINISTRES SAMA, S.L.",931050559,www.subministressama.es,info@subministressama.es
35,"ALKIHAIZEA, S.A.",943554646,www.alkihaizea.com,alkihaizea@alkihaizea.com
36,"MAINATE, S.A.",948312633,www.mainate.es,info@mainate.es
37,"UNIFERAG CARIBE, S.L.",916456161,www.uniferag.es,info@uniferag.com
38,"COMUNO KOPTIMO, S.L.",914006984,www.comuno.es,info@comuno.es
39,"FERROTEK SUMINISTROS, S.A.",956612239,www.ferrotek.es,administracion@ferrotek.es
40,"SERVIMACON, S.L.",957455412,not found,not found
41,"DRAGO CAPITAL, S.L.",917815700,www.dragocapital.com,madrid@dragocapital.com
42,"ARATZ PROJECT, S.L.L.",948467232,mailto:aratzo01@terra.es?subject=Contacto desde https://empresite.eleconomista.es,aratzo01@terra.es
43,"MIGUEL LARA E HIJOS, S.L.",968670133,https://ranking-empresas.eleconomista.es/ranking_empresas_nacional.html,not found
44,"SOB ARQUITECTOS, S.L.",934514440,www.sob.es,bcn@sob.com.es
45,"STRUGAL 8, S.L.",955630150,www.strugal.com,mj.nunez@strugal.com
46,"VALVERDE HERMANOS, S.L.",926909868,www.valverdehermanos.com,info@valverdehermanos.com
48,"VICONSA, S.A.",944432158,www.viconsa.es,viconsa@viconsa.es
49,"OBRAS Y PROMOCIONES COMAS, S.A.",971514003,www.comas.es,lgomez@comas.es
50,"IROCA, S.A.",985210805,www.iroca.es,info@iroca.es
51,"CONSTRUCCIONES RUBIO MORTE, S.A.",976230033,www.rubiomorte.com,info@rubiomorte.com
52,"SERRAZAR, S.L.",915599922,www.serrazar.es,serrazar@serrazar.es
53,"CONSTRUCCIONES ALBORA, S.A.",954628202,www.bekinsa.es,info@bekinsa.es
54,"EMPRESA CONSTRUCTORA EJUCA, S.A.",916346176,www.ejuca.com,info@ejuca.com
55,"ACIMUTH SERVICIOS INTEGRALES DE CONSULTORIA ENERGETICA Y ENERGIAS RENOVABLES, S.L.",948351496,www.acimuth.com,info@acimuth.com
56,"PAOBAL ALBALATE, S.L.",974468639,www.paobal.com,paobal@paobal.com
58,"IZA OBRAS Y PROMOCIONES, S.A.",not found,mailto:izaskun@izaoyp.com?subject=Contacto desde https://empresite.eleconomista.es,izaskun@izaoyp.com
59,"CONSTRUCCIONES EMILIO CUETO, S.L.",985238290,www.emiliocueto.com,correo@emiliocueto.com
60,"FERBOCAR CONSTRUCCIONES, S.A.",913540280,www.ferbocar.com,info@ferbocar.com
61,"MAHECO, S.A.",935942044,www.maheco.es,maheco@maheco.es
62,"GRUPO CEREMON, S.L.",963427258,www.grupoceremon.com,administracion@grupoceremon.com
63,"VIDROPLAST CANTABRIA, S.L.",942254617,www.vidroplastcantabria.com,colindres@vidroplastcantabria.com
64,"PERFILES NAVARRA, S.L.",948330602,www.perfinasa.com,administracion@perfinasa.com
65,"EL VENTORRO E HIJOS, S.L.",925544439,www.elventorroehijossl.com,elventorroehijossl@gmail.com
66,"ISIDORO CARO E HIJOS, S.L.",925730816,mailto:icaroehijos@hotmail.com?subject=Contacto desde https://empresite.eleconomista.es,icaroehijos@hotmail.com
67,"ELESANCO, S.L.",942310863,www.elesanco.es,elesanco@elesanco.com
68,"BERDIN RIOJA, S.L.",941200099,www.berdin.com,rioja@berdin.com
69,"MAELVA DE MATERIAL ELECTRIC, S.L.",937240306,www.maelva.cat,maelva@maelva.cat
70,"BAU PANEL SYSTEMS, S.L.",not found,www.bautecnic.com,not found
71,"TRASDOS, S.L.",914473033,not found,not found
72,"GILABERT MIRO, S.A.",977757635,www.gilabertmiro.com,info@gilabertmiro.com
73,"ROUSSEAU, S.A.U.",916011020,www.rousseau-sa.fr,mercedes.banegas@rousseau-sanitaire.com
74,"MOSAICOS ALONSO BM, S.L.",not found,https://ranking-empresas.eleconomista.es/ranking_empresas_nacional.html,not found
75,"SANEAMIENTOS CAMPOS, S.A.",987615560,www.saneamientoscampos.es,saneamientoscampos@hotmail.com
76,"INMOBILIARIA SANDI, S.L.",914330500,www.sandi.es,info@sandi.es
77,"CASTROGRES, S.L.",942871045,www.castrogres.com,info@castrogres.com
78,"ALMACENES PEDROUZO, S.A.",981701711,www.jmpedrouzo.com,admin@jmpedrouzo.com
79,"COBLANSA, S.A.",941249599,www.coblansa.com,coblansa@coblansa.com
80,"MORCILLO COMERCIAL FERRETERA, S.L.",926514842,www.comercialcaro.es,cfcaro@cfcaro.es
81,"MANUEL RIVAS BOQUETE, S.L.",981272771,www.rivasboquete.com,oficina@rivasboquete.com
82,"CIMENTACIONES Y FERRALLA, S.A.",977217698,mailto:info@cyfesa.com?subject=Contacto desde https://empresite.eleconomista.es,info@cyfesa.com
83,"CENTRELEC, S.L.",920253864,www.centrelec.es,centrelecjgg@centrelecavila.es
84,"HELMATEL, S.L.",923204205,www.helmatel.es,helmatel@helmatel.es
85,"ITISA, S.L.",972476071,mailto:itisa@itisa.net?subject=Contacto desde https://empresite.eleconomista.es,itisa@itisa.net
86,"EXCAVACIONES Y PINTURAS, S.A.",972571458,www.epsateicon.com,comptabilitat@epsateicon.com
87,"BIGMAT SAGRA, S.L.",925554797,www.bigmat.es,bsagra@bigmat.es
88,"SUMINISTRO INTEGRAL DEL AGUA, S.L.",986787548,www.sumiagua.com,info@sumiagua.es
89,"MATERIALES CALVO, S.A.",949890034,www.materialescalvo.com,matcalvo21@hotmail.com
90,"TPF FACTORY, S.L.",902107500,www.tpfconsultora.es,administracion@tpfconsultora.es
91,"LANCHO CANDELEDA, S.L.",920382081,mailto:lanchocandelera@yahoo.es?subject=Contacto desde https://empresite.eleconomista.es,lanchocandelera@yahoo.es
92,"VISOREN, S.L.",932415830,www.visoren.es,visoren@visoren.es
93,"LORENZO COMERCIAL, S.L.",986487563,https://ranking-empresas.eleconomista.es/ranking_empresas_nacional.html,not found
94,"ALMACENES RECAREY, S.L.",not found,mailto:info@recareyalmacenes.com?subject=Contacto desde https://empresite.eleconomista.es,info@recareyalmacenes.com
95,"ECOCIVIL ELECTROMUR G.E., S.L.",968826153,mailto:lrosal@ecocivil.es?subject=Contacto desde https://empresite.eleconomista.es,lrosal@ecocivil.es
96,"FERROINSA FORTES, S.L.",957768465,www.ferroinsa.com,comercial@ferroinsa.com
97,"MAQUINARIA CURVASER, S.L.",936357650,www.curvaser.com,administracion@curvaser.com
98,"KAIMANN IBERIA, S.L.",not found,www.kaimann.com,info@kaimann.es
99,"PESET VIDAL, S.L.",964532592,www.pesetvidal.com,pesetvidal@pesetvidal.com
100,"PINTURAS NIETO, S.A.",967245780,www.pinturasnieto.es,pinturasnieto@pinturasnieto.com
101,"FORMESA, S.A.",983293231,www.forjadosformesa.com,formesa@forjadosformesa.com
102,"SOBRINO G., S.A.",926320276,www.sobrinospiodelcoso.com,sobrinospiodelcoso@sobrinospiodelcoso.com
103,"AMAFRI, S.L.",976403440,www.amafri.es,info@amafri.es
104,"LEONARDO AZPIRI, S.A.",943203512,www.lazpiri.com,eibar@lazpiri.com
105,"HISEMAR, S.L.",986679024,www.hisemar.es,hisemar@hisemar.es
106,"MATERIALS GISBERT, S.L.",977500306,www.materialsgisbert.com,clientes@materialsgisbert.com
107,"PREHORVINOR, S.L.",not found,www.prefabricadospujol.com,info@prefabricadospujol.com
108,"NOVASOL SPRAY, S.A.",977677079,www.pintyplus.com,novasol@novasolspray.com
109,"MARCAS VIALES, S.A.",949297550,www.marcasviales-sa.es,mv@marcasviales-sa.es
110,"HIDRALAIR, S.L.",938458752,www.hidralair.cat,hidralair@hidralair.com
111,"ESTUDIOS DE ARQUITECTOS Y CONSULTORES SN, S.L.",913739705,mailto:eacsn@eacsn.es?subject=Contacto desde https://empresite.eleconomista.es,eacsn@eacsn.es
112,"TENYSOL, S.L.",942344352,www.tenysol.com,tenysol@tenysol.com
113,"VIKARPIN, S.L.",948100407,www.vikarpin.com,ansoain@vikarpin.com
114,"SAMACO, S.L.",918938085,www.samacosl.com,mariajoseruiz@samacosl.com
115,"PINTURES MARTORELL, S.L.",937755911,www.pinturesmartorell.com,comercial@pinturesmartorell.com
116,"CERIMES 2011, S.L.",938172928,not found,not found
117,"BERROJALBIZ E HIJOS, S.A.",920211710,www.berrojalbizehijos.es,info@berrojalbizehijos.es
118,"ALMACENES CROS, S.L.",981753945,www.almacenescros.es,crosalmacenes@yahoo.es
119,"ISMAEL TELLO, S.A.",927347864,www.bigmat.es,itello@bigmat.es
120,"GENERAL DE SUMINISTROS BALLESTER, S.L.",968321222,www.gesuba.com,info@gesuba.com
121,"SUBMINISTRAMENTS DE MATERIALS I EXCAVACIONS IGUALADA, S.L. ",938036049,www.sumex.com.es,sumex@sumex.com.es
122,"HONA HIERROS, S.A.",944560089,www.honahierros.com,info@honahierros.eu
123,"GRENERGY RENOVABLES, S.L.",917081970,www.grenergy.eu,info@grenergy.eu
124,"PROVEEDORA DE ALUMINIO, S.A.",not found,www.extruperfil.es,sevilla@proveedoresdealuminio.es
125,"SALDUBA, S.A.",914162712,mailto:negocio@kelbe.com?subject=Contacto desde https://empresite.eleconomista.es,negocio@kelbe.com
126,"FRESNO, S.A.",916207045,www.fresnoinmobiliaria.com,info@fresnoinmobiliaria.com
127,"VERONA, S.A.",not found,www.verona-sport.com,not found
128,"ZOSMA, S.A.",915443405,www.zosma.es,zosma@zosma.es
129,"CORTINA Y MALLO, S.A.",985332341,www.cortinaymallo.com,info@cortinaymallo.com
130,"CONSTRUCCIONES PULIDO, S.A.",926320992,not found,not found
131,"PROMOCIONES CUBELLS ALMENAR, S.L.",961592730,www.cubellsalmenar.com,info@cubellsalmenar.com
132,"CASSA GRUPO EMPRESARIAL, S.L.",943219339,www.cassagrupo.com,admon1@cassagrupo.net
133,"GIROP, S.A.",972236511,mailto:girop@girop.com?subject=Contacto desde https://empresite.eleconomista.es,girop@girop.com
134,"LUZCO, S.L.",916322002,www.luzco.es,luzco@luzco.es
135,"ALMACENES GENERALES R. ANDRADE, S.L.",961536135,www.almacenes-agv.com,contabilidad@almacenes-agv.com
136,"ASME, S.L.",982244703,www.asmesl.com,asme@asmesl.es
137,"ASFALTOS Y FIRMES BURGALESES, S.A.",947320962,mailto:administracion@yarritusa.com?subject=Contacto desde https://empresite.eleconomista.es,administracion@yarritusa.com
138,"BALPIA, S.A.",927225811,mailto:fhernandez@balpiasa.es?subject=Contacto desde https://empresite.eleconomista.es,fhernandez@balpiasa.es
139,"SUMINISTROS BARBANZA, S.L.",981830303,www.suministrosbarbanza.com,info@suministrosbarbanza.es
141,"AZULEJOS HERMIDA, S.L.",918957697,www.azulejoshermida.es,jose@azulejoshermida.es
142,"ALMACENES EL ABSIDE RIOJA, S.A.",941304840,www.absiderioja.bigmat.es,absiderioja@bigmat.es
143,"HIERROS LAMINADOS ASTURIAS, S.A.",985322200,www.hlasturias.com,hla@hlasturias.com
144,"HARTING IBERIA, S.A.",933638484,www.harting.com,harting@harting.com
146,"ROEL Y GOMEZ, S.L.",981797267,https://ranking-empresas.eleconomista.es/ranking_empresas_nacional.html,not found
147,"SUMESA, S.A.",985549722,mailto:sumesa@sumesa.net?subject=Contacto desde https://empresite.eleconomista.es,sumesa@sumesa.net
148,"CRIPTANENSE PAVIMENTOS REVESTIMIENTOS, S.L.",926561357,mailto:cripavi@bigmat.es?subject=Contacto desde https://empresite.eleconomista.es,cripavi@bigmat.es
149,"HORMIGONES MORALOS, S.L.",927533103,www.hormigonesmoralos.es,carlosmartin@grupofrade.com
150,"ARTURO OLMOS MAROTO, S.L.",983611611,www.maderas-olmos.com,olmos@maderas-olmos.com
151,"TORGUESA INDUSTRIAL, S.L.",982209662,www.torguesa.com,info@torguesa.com
152,"CODIALUM ALBACETE, S.L.",967191933,www.grupoayuso.org,gonzalo@codialum.es
153,"ALUMINIOS LA SERENA, S.A.",924845011,www.diatomea.es,administracion@alulaser.es
154,"ALQUISAGAR, S.L.",941135291,www.alquisagar.com,info@alquisagar.com
155,"ALMACENES CALINDSA, S.L.",969301414,www.grupocalindsa.es,administracion@grupocalindsa.com
156,"VELILLA GARRIDO, S.L.",949391654,www.velillasiguenza.com,info@velillasiguenza.com
157,"SUMINISTROS MONTE, S.L.",942342093,www.suministrosmonte.com,info@suministrosmonte.com
158,"SANEAMIENTOS CALDAS, S.L.",986320622,mailto:bueu@saneamientoscaldas.com?subject=Contacto desde https://empresite.eleconomista.es,bueu@saneamientoscaldas.com
159,"ALMACENES LUIS FDEZ. GALLEGO, S.L.",987547195,www.alfg.es,victomuina@alfg.es
160,"PUERTAS SANSO, S.L.",971551469,mailto:puertassanso@hotmail.com?subject=Contacto desde https://empresite.eleconomista.es,puertassanso@hotmail.com
161,"HISTAMAR, S.L.",958703715,www.histamar.es,comercial@histamar.es
162,"TRANSPORTES GARGON, S.L.",978609661,www.gargonteruel.es,info@gargonteruel.com
163,"PINTURAS T ESTEBAN, S.L.",941211605,www.pinturasestebanmartinez.es,pintu.esteban1@hotmail.com
164,"IBIZA COLOR, S.L.",971191784,mailto:pinturasibizacolor@gmail.com?subject=Contacto desde https://empresite.eleconomista.es,pinturasibizacolor@gmail.com
165,"ALAVESA DE PINTURAS, S.A.",945218080,www.alavesadepinturas.com,alavesadepinturas@alavesadepinturas.com
166,"MELSACON, S.L.",928893404,www.melsacon.com,facturacion@melsacon.com
167,"VICENTE CALABUIG, S.L.",965806879,mailto:comercial@vicentecalabuig.es?subject=Contacto desde https://empresite.eleconomista.es,comercial@vicentecalabuig.es
168,"JUAN LORENTE GARCIA, S.L.",not found,www.juanlorente.com,contabilidad@juanlorente.com
169,"PINTURES VIC, S.A.",938860162,www.pinturesvic.com,pinturesvic@pinturesvic.com
171,"ALMACENES PRADA, S.L.",954835800,www.almacenesprada.com,info@almacenesprada.com
172,"BASALDE BI, S.A.",945131400,www.grupobasalde.com,info@grupobasalde.com
173,"INDUSTRIAS TAYG, S.L.",961212462,www.tayg.com,info@tayg.com
174,DECORACIONES QUINTANA - GRUPO,916725300,www.bricosoriano.com,info@dekinsa.es
175,"SEGUNDO PRIEGO, S.A.",918748300,www.segundopriego.com,priego@segundopriego.com
