"BRICOINSA, S.L."
"COMERCIAL ELÉCTRICA ALCOBENDAS, S.L."
"MORRISON INFRAESTRUCTURAS CONSTRUCCIONES Y SERVICICIOS, S.A."
"MARTÍN GAMELLA, C.B."
"SUEPRAT IGUALADA, S.L."
"DECORACIONES IMCASA, S.L."
"CERÁMICAS TESOURO, S.A."
"MATERIALS DE CONSTRUCCIO ILLA, S.L."
"COMERCIAL SARIEGO, S.L."
"TRADINOX, S.A."
"D.M.C. CERAMICAS, S.L."
"UTREMEL UTRERA, S.L."
"IMPERNOSA, S.L."
"MATERIALS LA BÒBILA, S.L."
"HNOS DURÁ GÓMEZ, S.L."
"MATERIALES DE CONSTRUCCIÓN OLIVER-MORELL, S.L."
"ARICETA, S.A."
"COMERCIAL ELÉCTRICA DE SEVILLA, S.L."
"MARTIFER CONSTRUCCIONES METÁLICAS ESPAÑA, S.A."
"CONSTRUCCIONES JULIAN FRANCO, S.L."
"ABC PALAU, S.L."
"GRES Y AZULEJOS GALAPAGAR, S.L."
"CORTES LEVANTE, S.L."
"SOCYR 99, S.L."
"AGUILAR ADELL, S.L."
"SUMHTEC 96, S.L."
"NOVELEC DEL SOL, S.L."
"BARRIONUEVO MATERIALES DE CONSTRUCCIÓN, S.L."
"CUBAS LÓPEZ CALLE, S.L."
"AZULEJOS MORAIRA, S.L."
"CPP CHEMICAL GROUP, S.L"
"EXPO-HOGAR MATERIALES DE CONSTRUCCION, S.L."
"RAIL. ONE TRACK SYSTEMS, S.A."
"TECNOHABITAT, S.A."
"MATERIALES CHISVERT, S.L."
"HORMIGONES BOADILLA, S.A."
"ELECTRO BPV, S.L."
"VEOLIA SOLAR ESPAÑA, S.L."
"FERRETERÍA PEDRO DURÁN, S.L."
"HERMANOS MORENO M, S.L."
"SANEAMIENTOS JOSÉ LUIS RODRÍGUEZ, S.A."
"PANASONIC ESPAÑA, SUC. DE PANASONIC MARKETING EUROPE GMBH - DIVISIÓN HEATING & VENTILATION AIR-CONDITIONING"
"3M ESPAÑA, S.L. - DIVISIÓN CONSTRUCCIÓN"
"EGOIN, S.A."
"CALES DE LA PLANA, S.A."
"GRUPO INMOBILIARIO GOMENDIO, S.L."
"BETÓN CATALÁN, S.A."
GRUPO EMPRESARIAL HIERROS ALFONSO
"SUMINISTROS LEGANÉS, S.L."
"KEYTER TECHNOLOGIES, S.L."
"CIMSA CEMENTOS ESPAÑA, S.A."
"HIJO DE NICOLÁS BENITO, S.A."
"FERRETERÍA LA LLAVE, S.L.U."
"DIEMAN, S.A."
"INGEPERFIL, S.L."
"VILLAR MATERIALES DE CONSTRUCCIÓN, S.A."
"PUERTAS PADILLA, S.L."
"TRATAMIENTO INTEGRAL DEL ACERO, S.A. (DACERO)"
"ALUDIUM TRANSFORMACIÓN DE PRODUCTOS, S.L."
"CABALLERO Y HERNÁNDEZ, S.A."
"FYCE 2002 DISTRIBUCIÓN, S.L. (GRUPO FYCE)"
"MTD GRUP GESTIÓ, S.L. (MATDECÓ GRUP)"
"LANA, S. COOP."
"WACKER NEUSON, S.A."
"IZAR CUTTING TOOLS, S.A.L. "
"CIMENTS DE BALEARS, S.A."
NAVAS - GRUPO
"ASFALTOS Y CONSTRUCCIONES ELSÁN, S.A."
"VIESSMANN, S.L."
"FERCOFLOOR, S.L."
"CEPSA COMERCIAL PETRÓLEO, S.A. - DIVISIÓN ASFALTOS"
"REPSOL LUBRICANTES Y ESPECIALIDADES, S.A. - DIVISIÓN ASFALTOS"
"BADRINAS, S.A.U."
"VIALEX CONSTRUCTORA ARAGONESA, S.L."
"ALMACENES ELÉCTRICOS MADRILEÑOS, S.A."
"ALFA DYSER, S.L."
"UNIFERSA 2006, S.A."
"DISTRIBUCIÓN DE FRÍO HDF, S.L. (GRUPO HDF)"
"AKZO NOBEL COATINGS, S.L."
"TECHNO SUN, S.L."
"VESCOM HISPANIA, S.L."
"FERROCAR, S.L."
"FORMAC, S.A."
"ALCONGAL, SDAD. COOP. GALLEGA"
"RCR ARANDA PIGEM VILALTA ARQUITECTOS, S.L."
"WILO IBERICA, S.A."
"SAINT-GOBAIN ISOVER IBÉRICA, S.L."
"HIJOS DE LORENZO SANCHO, S.A."
"HIERROS J. OLMOS, S.A."
"SERVICIOS ELÉCTRICOS NAVARRO, S.A. (SENSA)"
"AGC FLAT GLASS IBÉRICA, S.A."
"COMERCIALIZACIÓN Y DISTRIBUCIÓN DE MAQUINARIA CYDIMA, S.L."
"AIRZONE CLIMA, S.L."
"SOUDAL QUÍMICA, S.L."
"ANIDA OPERACIONES SINGULARES, S.A."
"JOSEL, S.L."
"BACO CENTRAL DE COMPRAS, S.L."
"SEIDOR CONSULTING, S.L."
"FULCRUM PLANIF. ANALISIS Y PROYECTO, S.A."
"TERRATEST GROUP, S.L."
"MURPROTEC ESPAÑA, S.L."
"BC ARQ, S.A."
"H.C.P. Y ARQUITECTOS ASOCIADOS, S.L."
"ELEKTRA CATALUNYA XXI, S.L."
"EXPLOTACIÓN DE ROCAS INDUSTRIALES Y MINERALES, S.A."
"CEMENTVAL MATERIALES DE CONSTRUCCIÓN, S.L."
"PROFFETIONAL FINISHING DESIGN, S.L."
"AYUSO GRUPO EMPRESARIAL, S.L."
"SEDAL, S.L."
"DE DIETRICH THERMIQUE IBERIA, S.L."
"GESTIÓN DE INMUEBLES ADQUIRIDOS, S.L. (UNICAJA INMUEBLES)"
"BARCELONA LED ILUMINACIÓN, S.L."
"RIOS RENOVABLES, S.L."
"INGENIERÍA Y APLICACIONES SOLARES ZARAGOZA 2005, S.L. "
"INOXPAN, S.L."
LUIS MARTÍNEZ BENITO (LMB) - GRUPO
"CONSTRUCCIONES MARIEZCURRENA, S.L."
"ACSA OBRAS E INFRAESTRUCTURAS, S.A."
"CONSTRUCCIONES PEDRO FRANCISCO FERRÁ TUR, S.L."
"CONSTRUCCIONES SERROT, S.A."
"GSE INMUEBLE LLAVES EN MANO, S.L."
"ROIG CONSTRUCCIONES Y SERVICIOS, S.L."
"SEVENTY EIGHT, S.L."
"ROTO FRANK, S.A."
"REFORMAM NETWORK 2010, S.L."
"THU PERFIL, S.L.U."
"SÁNCHEZ Y LAGO, S.L."
"POLYTHERM SISTEMAS, S.A."
"CIMENTS TERRA FERMA, S.A."
"CONSTRUCCIONES MAYGAR, S.L."
"EXIOM SOLUTION, S.A. - GRUPO"
"ELECTRO AVILÉS, S.A. (EASA)"
"S.T.V. GESTIÓN, S.L."
"DOMO GESTORA DE VIVIENDAS, S.L."
"TECHNOFORM BAUTEC IBÉRICA, S.L.U."
"MAQUINARIA Y SERVICIOS GARMO, S.L."
"AV ALUMITRÁN, S.L."
PLAFESA - GRUPO
"PLANIGESA, S.A."
GRUPO BERDIN
"GALILUX ELECTRICIDAD, S.L."
"GEZE IBERIA, S.R.L.U."
EUROGRÚAS HOLDING CORPORATIVO - GRUPO
"ALTAMIRA SANTANDER REAL ESTATE, S.A."
"GESIN EURO-2001, S.L."
"COMINDEX, S.A."
"COSERMO ESPAÑOLA CONSTRUCCIONES SERVICIOS Y MONTAJES, S.L."
"MEZCLAS BITUMINOSAS, S.A. (MEBISA)"
"ALCHIBESA, S.L."
"SUNCLEAR, S.A."
"ALUMINIO Y CARPINTERÍA, S.A. (ALCAR)"
"PROTECCIONES Y LACADOS, S.L. (PROYLAC)"
"TPF GETINSA EUROESTUDIOS, S.L."
"PUERTAS DILE, S.L."
"WINKHAUS IBÉRICA, S.A."
"INSTALLUX EXTRUSION SERVICES, S.L."
"JUNG ELECTRO IBÉRICA, S.A."
"KNIGHT FRANK ESPAÑA, S.A."
"LABORATORIOS RAYT, S.A.U."
"SANITARIOS BOSCO, S.A."
"COMERCIAL ELÉCTRICA DEL LLOBREGAT, S.A."
"SUAREP Y LLADÓ, S.A."
"TERMOBURGOS, S.A."
"ACCESSORIS SENCOR, S.A."
"HIESCOSA ARANDA HIERROS, S.L."
"COYSA SANITARIOS, S.L."
"CENTRO DE VENTAS INTERNACIONALES KOMERCIAL, S.A. (CEVIK)"
"DICOMAT, S.L."
"CAÑIZARES PIÑERO, S.A."
"HORMIGONES DEL ODÓN, S.L."
"GIESSE GROUP IBERIA, S.A."
"VIVIENDAS SOCIALES E INFRAESTRUCTURAS DE CANARIAS, S.A.U. - VISOCAN"
"HORMICRUZ, S.L."
"HOMAG ESPAÑA, S.A."
"FRANS BONHOMME ESPAÑA, S.L. "
"COMERCIAL PERALBA, S.A."
"DISTIPLAS FLOORS, S.L."
"HAGER SISTEMAS, S.A."
"SISTEMAS ALUMISAN, S.L."
"EXTRUSIONES DE TOLEDO, S.A. (EXTOL)"
"LOREFAR, S.L."
"HIERROS MARCELINO FRANCO, S.A. (HIFRANSA)"
"SALI SUMINISTROS, S.L."
"SUMINISTROS INDUSTRIALES COBSA, S.L."
"STANLEY BLACK & DECKER IBÉRICA, S.L."
"GRÚAS SAEZ, S.L."
"ASTIGLASS, S.L."
PRODESA
"PRESTO IBÉRICA, S.A."
"VITROMETAL, S.A."
"HAULOTTE IBÉRICA, S.L."
"PROMOCIONES HABITAT, S.A."
"EGGO STORES SPAIN, S.L. "
"ALUMINIOS DE BARCELONA, S.L."
"FULTON, S.A."
"IMPEX SUMINISTRES, S.L."
"DROGAS Y PINTURAS LA MODERNA, S.A."
"POYATOS EXPORT, S.A."
"VALEKTRA XXI, S.L"
"QUALITY FERRETERÍAS PLUS, S.C.C.L."
"QUIDE, S.A."
"HORNOS INDUSTRIALES PUJOL, S.A."
"HIJOS DE FRANCISCO MORANT, S.L. (LA ESPERANZA)"
"GUILLERMO FABIAN, S.L."
"SISTEMAS Y MONTAJES INDUSTRIALES, S.A."
"SOGESA INSTALACIONES INTEGRALES, S.A."
"COMERCIAL ARROYO CONSTRUCCIÓN, S.A."
"JOAQUÍN VERDÚ DÍAZ, S.L.U."
"MESIMA BILBAO, S.A."
"LA VENECIANA, S.A. (SAINT-GOBAIN GLASSOLUTIONS)"
"VERESCENCE LA GRANJA, S.L."
"VIUDA DE RAFAEL ESTEVAN GIMÉNEZ, S.L."
"PRODUCTOS Y SISTEMAS APLICADOS, S.A. (PROSISTEMAS)"
"FOMENTO Y GESTIÓN, S.A. (FOGESA)"
"SUMINISTROS FÉRREOS PARA ALMACENISTAS, S.A."
"SUMINISTROS PRIEGO, S.L."
"ALMACÉN GENERAL DE SIDERÚRGICAS, S.A."
"FEGIME ESPAÑA, S.A."
"KILOUTOU ESPAÑA, S.A."
"VEOLIA WATER SYSTEMS IBÉRICA, S.L."
"SAMSUNG ELECTRONICS IBERIA, S.A. - DIVISIÓN AIRE"
"ALUGOM MADRID, S.A."
"CONSULTRANS, S.A. "
"ESTUDIO LAMELA, S.L."
"CEMENTOS Y MORTEROS DEL CENTRO, S.L."
"PERFILADOS DEL NORTE, S.A. (PERFINOR)"
"NOUSUMAPE, S.A."
"SUMINISTROS ELÉCTRICOS Pº DE LA DIRECCIÓN, S.L."
"TVITEC SYSTEM GLASS, S.L."
COPROVEN - GRUPO
"IBERGROUP 2005 EMPRESARIAL, S.L."
REDIMA IBÉRICA - GRUPO
"GUNNI TRENTINO HOME, S.L."
"COMERCIAL COSMOS SUR, S.L."
"UNYCO (CEMENCROSS, S.L.)"
"NUEVA ALAPLANA, S.L."
"VILLAVIÑAS, S.L."
"EXLABESA BUILDING SYSTEMS, S.A.U."
"FONSÁN-GESTIÓN Y CONSTRUCCIÓN, S.L."
"TARRACO EMPRESA CONSTRUCTORA, S.L."
"NORTON EDIFICIOS INDUSTRIALES, S.A."
"CONSTRUCCIONES LLULL SASTRE, S.A."
"JOAQUÍN PÉREZ ARROYO, S.L."
"OBRAS Y PROYECTOS AGUIRRE, S.L."
"ROMA INFRAESTRUCTURES I SERVEIS, S.A."
"PROYECTOS Y REHABILITACIONES KALAM, S.A."
"CONSTRUCCIONES HERMANOS GARBAYO CHIVITE, S.L."
"TETRIS ARQUITECTURA, S.L.U."
"DESARROLLA OBRAS Y SERVICIOS, S.L."
"INDUSTRIAS METÁLICAS ANRO, S.L."
"CIMENTS DE CATALUNYA, S.A."
"PROMOCIONES OCEC, S.A."
"SUMINISTROS ELÉCTRICOS COTO, S.L. (COTO)"
"TALLERES Y GRÚAS ESTACIÓN, S.L."
"ARCELORMITTAL CONSTRUCCIÓN ESPAÑA, S.L."
"CONSTRUCCIONES DE LAS CONDUCCIONES DEL SUR, S.A.U. (COTRONIC)"
GS INIMA ENVIRONMENT - GRUPO
"GCI CENTRAL DE COMPRAS INDUSTRIALES Y SERVICIOS, S.L."
"SERVICIOS PROFESIONALES PARA COLECTIVOS, S.A. (SERPROCOL)"
"RANDAL EUROPEA, S.A."
"SERVICIOS INTEGRALES DE MANTENIMIENTO ALGA, S.L."
"MANTENIMIENTO Y MONTAJES INDUSTRIALES, S.A. (MASA)"
"MOMENTUM REAL ESTATE, S.L."
"CENTRAL DE COMPRAS Y SERVICIOS DE FERRETERÍA NCC, S.L."
"PROLOGIS SPAIN MANAGEMENT, S.L."
MANUSA - GRUPO
"STRUGAL 4, S.L."
"SERVICIOS Y SUMINISTROS AUXITEC, S.L."
"SOMFY ESPAÑA, S.A."
"GRUPO SATOCAN, S.A."
"CABLENA, S.A."
"BOSCH SERVICE SOLUTIONS, S.A.U."
"FERGARCÍA, S.A."
"SUPPLAID SUBMINISTRAMENT ASSITIT, S.L."
"METALUX ASTURIAS, S.L."
"CENTRAL ALMACENES SANEAMIENTO, S.L. (CEALSA)"
"SAINZ ALLENDE, S.L."
"ARDEX CEMENTO, S.A."
"ALQUILER DE MAQUINARIA RENTAIRE, S.A."
"FANAIR, S.L."
"ENERGEA SERVICIOS Y MANTENIMIENTO, S.L."
"TUBOS PARIS, S.A."
"SACLIMA SOLAR FOTOVOLTAICA, S.L."
"ALTERNATIVAS RIOJANAS EÓLICAS Y SOLARES, S.L."
"ELCOM AIR VALENCIA, S.L."
"ENERFUER, S.L. (IDEAL BRICOLAJE)"
"FERRECAL, S.A."
"VEOLIA SERVICIOS NORTE, S.A."
"CALES PASCUAL, S.L."
"FERROS AGUSTÍ 1876, S.L. (FERROS MANXA)"
"HIERROS VARELA URBIETA, S.L."
"ALUVAL, S.L."
"PUERTAS ROPER, S.L."
"PONTEGADEA INMOBILIARIA, S.L."
"BRICO GROUP INTEGRAL EUROPA, S.L. (BRICOGROUP)"
"PENTRILO, S.L."
"MARCA PROTECCION LABORAL, S.L."
"ESTUDIO DE ARQUITECTURA ALONSO BALAGUER, S.L."
ROBERT BOSCH ESPAÑA - DIVISIÓN BOSCH HOME COMFORT
"NORTÚNEL, S.A."
"AMADO SALVADOR, S.A."
"HIMIN SOLAR, S.L."
"SERVIHABITAT SERVICIOS INMOBILIARIOS, S.L."
"SIEMENS RAIL AUTOMATION, S.A."
"INSTALACIONES Y SUMINISTROS AISLANTES, S.A. (ISOTERM)"
"VÍA CÉLERE DESARROLLOS INMOBILIARIOS, S.A."
"ELECTRICIDAD GUERRA, S.A."
"FERRETERÍA TIAS, S.L."
"GUARDIAN LLODIO UNO, S.L."
"JOMAR, S.A."
"IMERYS PERLITA BARCELONA, S.A."
"FOSROC EUCO, S.A."
"APALLISER, S.L."
"VISANFER, S.A."
"LA ELÉCTRICA ÁLVAREZ SIRGO, S.A."
"EURO ELECTRO INDUSTRIAL, S.A."
"ENERGEMA, S.A."
"AGC PEDRAGOSA, S.A."
"RODACAL BEYEM, S.L."
"ECOASFALT, S.A."
"EPIFANIO CAMPO, S.L."
"COMUNIDADES GESTIONADAS, S.A. (COGESA)"
"JUAN ANTONIO MORA, S.A. (JAMSA)"
TM GRUPO INMOBILIARIO
"MELD TECNIA INSTALACIONES, S.L."
"MATERIALES ELÉCTRICOS DEL SURESTE, S.L. (MESUR)"
"BOFILL ARQUITECTURA, S.L."
"DIFUSION HIDRAULICA LLUIS, S.A."
"ASCENSORES TRESA, S.A."
"ALUMINIOS AYUSO, S.L."
"HIERROS COLMENAR, S.A."
"INTERMAHER, S.A."
"CERÁMICOS TORRES, S.A."
"FAJOVI, S.L."
"MADEREROS REUNIDOS, S.A. (MADERESA)"
"COFUNCO, S.A."
"FUSTES EST, S.A."
"MADERAS LARRETA, S.L."
"GEBERIT, S.A.U."
"HIAB CRANES, S.L."
"SUMINISTROS ELÉCTRICOS GABYL GUIPUZKOA, S.A."
"SAP ESPAÑA, S.A."
"JU JU JU AQUA CENTER, S.L."
"ENCOFRADOS CASTELL, S.L."
"ISOPRACTIC, S.L."
"NEOFLEX, S.L."
"ESTEYCO, S.A.P."
"STO SDF IBÉRICA, S.L.U."
"BONGRUP BALEARES, S.L."
"AVALCO AGRUPACIÓN DE ALMACENISTAS DE FONTANERÍA Y CLIMATIZACIÓN, S.L."
"GLS CONSORCIO DEL HORMIGÓN, S.L."
"CERÁMICAS DOMÍNGUEZ, S.L."
"VIDAL Y ASOCIADOS ESTUDIO DE ARQUITECTURA, S.L."
"EMPRESES DE MATERIALS PER A LA CONSTRUCCIÓ DE CATALUNYA, S.L. (EMCCAT)"
"TALLER DE ARQUITECTURA SÁNCHEZ-HORNEROS, SLP"
"COMFRED SUMINISTROS, S.L."
"GALEKTRA XXI, S.L."
"SANTOS EQUIPAMIENTOS INTERIORES, S.L."
"SIDERÚRGICOS AGESSA, S.L."
"TECNIQUES DE CLIMA I SANITARI, S.L."
"ARMANGUE I FERRALLES, S.L."
"BAC ENGINEERING CONSULTANCY GROUP, S.L."
"ELEKTRA ANDALUCÍA XXI, S.L."
"PINEARQ, S.L."
"COMPACGLASS, S.L."
"GESARQUS 2008, S.L."
"GESTIÓN INTEGRAL DE ALMACENES, S.L."
"BIURBAN, S.L."
"UNIÓN COMPRAS ALMACENISTAS DE FERRETERÍA, A.I.E."
"PROFER SERVICIOS INTEGRALES, S.L."
"NOVATILU, S.L."
"MOLDCOM COMPOSITES, S.L. (MCBATH)"
"GESTIÓN COMÚN C.B.C., S.L."
ARQUITECTOS GARCIA ALBA S.L.P.
"LA PALOMA CERÁMICA Y GRES, S.L."
"FRANCISCO JURADO OLMO, S.L."
FERROVIAL - GRUPO
VELATIA - GRUPO
"GÉVORA CONSTRUCCIONES, S.A."
"HOCENSA EMPRESA CONSTRUCTORA, S.A."
"SERVEIS OBRES I MANTENIMENT, S.L. (SEROM)"
"GOMENDIO CONSTRUCTORES, S.A."
"CERTIS OBRES I SERVEIS, S.A."
"MARSEIN, S.A."
"REHABILITACIONES Y CONSTRUCCIONES TUDIC, S.L."
"INCOGA NORTE, S.L."
"OBRES I CONTRACTES PENTA, S.A."
"IBER STEEL, S.L."
GÉVORA - GRUPO
"HYDRODISEÑO GLOBAL, S.L."
"CEMENTOS COLACEM ESPAÑA, S.L.U."
"PANIKER, S.L.U."
"JOSÉ G. NAVARRO, S.A.U."
"ECOCIUDAD ZARAGOZA, S.A."
FORCADELL CORPORACIÓ IMMOBILIARIA - GRUPO
"POLITEJO ESPAÑA, S.L."
"CONSULTORES DE INGENIERÍA UG 21, S.L."
COPCISA INDUSTRIAL - GRUPO
"PROYECTOS EJECUCIÓN Y CONTROL DE OBRAS, S.A. (PROYECO)"
"CISA CERRADURAS, S.A.U."
VÍA CÉLERE - GRUPO
"BOSTIK, S.A.U."
"MATECO ALQUILER DE MAQUINARIA, S.L.U."
"HIERROS ISAGA, S.A."
"ORTIZ LEON ARQUITECTOS, S.L."
"ARCELORMITTAL COMERCIAL PERFILES ESPAÑA, S.L."
HIEMESA - GRUPO
"ALAS IBERIA, S.L."
"ALTERNA RECURSOS ENERGETICS, S.L."
"CONSTRUCCIONES Y EXCAVACIONES ERRIBERRI, S.L."
"CALERAS DE SAN CUCAO, S.A."
"INDUSTRIAS SAMBARA, S.L."
"ELECTROMAT BALEAR, S.L."
"GOODMAN REAL ESTATE SPAIN, S.L."
SINELEC - GRUPO
"INTERNATIONAL TRUCKS & TRACTORS, S.L. - ITT GRUPO"
"HORMICON, S.A."
"JOSÉ ISIDRO TORRES, S.L."
"MONTEJO CERÁMICAS, S.L."
"SERVICIO Y MAQUINARIA ARAGONESES, S.A. (SERMA)"
"DURAVIT ESPAÑA, S.L."
"SCP POOL DISTRIBUTORS SPAIN, S.L."
"IVECO ESPAÑA, S.L."
"SILVER SANZ, S.A."
"ELCOM AIR, S.L."
"ALU STOCK, S.A."
"BIL-BU MATERIALES DE CONSTRUCCIÓN, S.L."
"TARKETT FLOORS, S.L."
"WEIDMULLER, S.A."
"MADERAS VÁZQUEZ, S.L."
"ESSAN, S.L."
"SADIMA, S.A."
"CENTRAL DE COMPRAS PYMA, S.L."
"ALGECO CONSTRUCCIONES MODULARES, S.L."
"ASCENSORES GA LO, S.L."
"ACCIONA MANTENIMIENTO DE INFRAESTRUCTURAS, S.L."
"INMESOL, S.L.U."
"PROFILTEK SPAIN, S.A."
"GABINETE DE CONSTRUCCIÓN Y ARQUITECTURA, S.L.P."
"MUNTANER ELECTRO, S.L. "
"INNOVIA COPTALIA, S.A."
"PROBISA VÍAS Y OBRAS, S.L."
"TAMALSA EUROPA, S.L."
"TRANSGRUAS CIAL, S.L."
"GRUPO GESCO, S.L."
"STULZ TECNIVEL, S.L."
"BRICO CENTRAL DE COMPRAS Y SERVICIOS, S.L. (FERBRIC)"
"ROSA GRES, S.L."
"ELECTRO PLA GRANOLLERS, S.A."
"FERROLI ESPAÑA, S.L."
"PACADAR, S.A."
"VEOLIA SERVICIOS LECAM, S.A.U."
"HEREDEROS CERÁMICA SAMPEDRO, S.A."
"GUARDIAN INDUSTRIES NAVARRA, S.L.U."
"AIZKIBEL, S.A."
"TUBERÍAS Y CLIMATIZACIÓN, S.L. (TUCLIMA)"
"VSL CONSTRUCTION SYSTEMS, S.A."
"MAS VILANOVA, S.L."
"TRANSFEL, S.A."
"TRANE AIRE ACONDICIONADO, S.L."
"CERAMICAS TESANY, S.L."
"HIERROS HUESCA, S.A."
"HIERROS AYORA, S.L."
"MATERIALS DE CONSTRUCCIÓ GIL, S.L."
"PAVIMARSA, S.A."
"E. SAINZ HIERROS, S.A."
"BATLLORI & TREPAT ARQUITECTES, S.L."
"ALMACENES TAMARAN, S.L."
"SUMINISTROS ELÉCTRICOS HUESCA, S.L."
"SANTANDREU SUREDA, S.L."
"BELARTZA CERÁMICAS, S.L."
"ELEKTRA ARAGÓN XXI, S.A."
"PEFIPRESA, S.A."
"PLACAS MURCIA, S.L."
"MARTÍN CASILLAS GRUPO, S.L."
"GRUDI NUSO, S.L. (GRUDILEC)"
"PRODWARE SPAIN, S.A"
"LG ELECTRONICS ESPAÑA, S.A. - DIVISIÓN AIRE"
"SAITEC, S.A."
"VENTAS INTERNACIONALES, S.A."
"GRUPO DE EMPRESAS AZVI, S.L."
SUFEALSA - GRUPO
"TOUZA ARQUITECTOS, S.L.P."
"FONTANERÍA Y CALOR 2006, S.L. (FONCAL)"
"SIDERACERO DISTRIBUIDORA ANDALUZA DE HIERROS, S.A."
"GRUMELEC, S.L."
"SIBER ZONE, S.L."
"EXTRULINE SYSTEMS, S.L."
"RAMÓN ESTEVE ESTUDIO DE ARQUITECTURA, S.L."
"FIRE CONSULT, S.L."
"ROYCLE, S.L."
"PLASSON SPAIN, S.L."
"VINK PLASTICS SPAIN, S.L."
"PROBISA PRODUCTOS BITUMINOSOS, S.L."
"LAMS EUROPA, S.L."
"LAFERMU, S.L."
"GOA-INVEST, S.A."
"NUMA INDUSTRIAL, S.A.U."
"PÉREZ ALEGRE, S.L."
"MONELEG, S.L."
"CONSTRUCCIONES ITURRIOZ, S.A."
"DÍAZ CUBERO, S.A."
"J. VIQUEIRA LAGO CONSTRUCCIONES, S.A."
"CONSTRUCCIONS DEUMAL, S.A."
"SERRANO AZNAR OBRAS PÚBLICAS, S.L."
"JARAMA SOLARCO, S.L."
"TRAC REHABILITACIÓ D'EDIFICIS, S.L."
"PROIESCON, S.L."
"KURSAAL REHABILITACIONES INTEGRALES, S.L."
"HIJOS DE TERRATS CONSTRUCCIONES, S.A."
"CONSTRUCCIONES Y OBRAS VEROSA, S.L."
"HIDALGO NAVARRO HINACO, S.L."
"OBRAS Y DECORACIÓN YUGO, S.L."
"CONSTRUCCIONES CALDERÓN, S.L."
"ELECTRO HIDRO MEDITERRáNEO, S.A."
"CONSTRUCCIONES HERMANOS SASTRE, S.A."
"MATUTE Y BARRENO, S.L."
"RIVILLA YÉBENES, S.L."
"CONSTRUCCIONES Y TRANSACCIONES INFORMÁTICAS EN LA RED, S.L."
"HIJOS DE ANTONIO INIESTA, S.L."
"LUX GIJÓN, S.A."
"CAMPON GIBELLO, S.L."
"GEDI GRUPO DE PROMOCIÓN E INFRAESTRUCTURAS, S.A."
"ARJOMI FERNÁNDEZ, S.L."
"CANTELEC BURGOS, S.A."
"AGLOMERADOS MALLORCA, S.A."
"MIGUEL PEREZ LUQUE, S.A. (MIPELSA)"
"SIERRA DE GATA MORALEJA, S.L."
"DOMINGUEZ MATERIALES DE CONSTRUCCIÓN, S.L."
"VIDAL OBRAS Y SERVICIOS, S.A."
"FRAILE Y NUÑEZ, S.L."
"PROMOTORA CONSTRUCTORA PEDROARENA, S.L."
"UCEDA OROZCO HERMANOS, S.L."
"FERRETERÍA Y CONSTRUCCIONES SAR, S.L."
"CONSTRUCCIONES MENCHERO, S.L. - GRUPO"
"VIANA MATERIALES DE CONSTRUCCIÓN, S.L."
"VILLAS DON QUIJOTE, S.A."
"ANGILFER, S.A."
"JUVENTINO ALVAREZ, S.L."
"ALMACENES SINFO, S.L."
"JUMELA SANCHO, S.L."
"CERCAMA, S.L."
"PAVITEC 2000, S.L."
"OPTIMER SYSTEM, S.A."
"MATERIALES DE CONSTRUCCIÓN ASURMENDI, S.L."
"ALMACENES PÁRAMO, S.L."
"MAHER GONZALEZ IGLESIAS, S.L."
"MATERIALES DE CONSTRUCCIÓN RACIONERO, S.L."
"VALFORTEC, S.L."
"CONSTRUCCIONES ALCOCEBRE, S.A."
"CONSTRUCCIONES INGLES E HIJOS, S.L."
"CABERO EDIFICACIONES, S.A."
"RESIDENCIAL PLAYA FLAMENCA, S.L."
"COMPAÑIA ZAITEGUI, S.L."
"SUMINISTROS ELÉCTRICOS TALAVERA, S.A."
"FOMENTO DE INMUEBLES LASA, S.L."
"MONLUX, S.A."
"CONSTRUCCIONES SEVILLA NEVADO, S.A."
"SOCIEDAD AZUCARERA LARIOS PATRIMONIO, S.L."
"TRASEIRA, S.L."
"JOVE MATERIALES DE CONSTRUCCIÓN, S.L."
"MATERIALES DE CONSTRUCCIÓN OTERO, S.L."
"COMUCA, S.L."
"ALCASA CASTILLA, S.L."
"ALMACENES VAZ ESTÉVEZ, S.L."
"TESLA MATERIAL ELÉCTRICO, S.L."
"ENRIQUE LÓPEZ E HIJOS, S.L."
"AURIA LUX INDUSTRIAL, S.L."
"SUMINISTROS GONZÁLEZ LÓPEZ, S.L."
"ALMACENES JUL, S.L."
"ÁNGEL DEL CASTILLO MARTÍN, S.L."
"AMALIO MATERIALES DE CONSTRUCCION, S.L."
"ALMACENES GALLEGO ESTEBAN, S.L."
"AIRIS TECHNOLOGY SOLUTIONS, S.L. - AIRIS SOLUCIONES LED"
"SUMINISTROS INDUSTRIALES FRANCISCO FERNÁNDEZ, S.L."
"ALMACENES HERMANOS PAMPÍN, S.L."
"CALEFACCIONES ALCALDE, S.A."
"HIJOS DE MIGUEL FERNÁNDEZ MORENO, S.L."
"MATERIALES Y HORMIGONES EL CANO, S.L."
"MATERIALES TORRALBA MUÑOZ, S.L."
"ALBA DISMELEC, S.L."
"SUMINISTROS ELÉCTRICOS ELICETXE, S.L."
"INJAR, S.A."
"VINCI ENERGIES ESPAÑA, S.A."
"GRÚAS ALHAMBRA, S.L."
"GERMAN IGLESIAS, S.L."
"MORFISA, S.L."
"JOSÉ ANTONIO DOCAL, S.L."
"CASA SEVERON, S.L."
"CATALANA DE ALQUILER Y REPARACIÓN DE MAQUINARIA, S.L."
"TXIMELA ENPRESA TALDEA, S.L. - GRUPO"
"MAQUINARIA Y RECAMBIOS DE LEVANTE, S.L."
"NOBELEK NERVION, S.L."
"PROTECCION AUTOMATICA CONTRA INCENDIOS, S.A. (PACISA)"
"GRUPO IRACO ADVANCED COATING SYSTEMS, S.L."
"AMARGANT PINEDA, S.L."
"SUMINISTROS GARCICHAO, S.L."
"TURQUEPLAST, S.L."
"MONTAJES Y OBRA CIVIL, S.A. (MONCISA)"
"COMERCIAL CAMPINO, S.L."
"ARME LEÓN, S.A."
"CONSTRUCCIONES LOS CAMPOS, S.L."
"CIVIT, S.L."
"ECOINTEGRAL INGENIERÍA, S.L."
"FERROCUR, S.L."
"PAÑOS RODRIGO, S.L."
"J. PARRILLA, S.A."
"FERRETERIA LEMON, S.L."
"YESOS HIVISO, S.L."
"AZULEJOS GALISAN, S.L."
"PROMOCIONES INMOBILIARIAS DALTRE, S.L."
"LADRILLERAS IBICENCAS, S.A."
"GRUPO ALICANTE URBANA, S.L."
"COPROSAL, S.L."
"CONSTRUCCIONES CARABAZA HIDALGO, S.L."
"PROMOCIONES Y CNES. CASTRILLON, S.A."
"INMOBILIARIA ORTEGA, S.A."
"PROMOCIONES MANUEL VAZQUEZ, S.L."
"CERÁMICA CABESTANY, S.L."
"MAQUINARIA DISBER, S.L."
"E. HIGUERAS, S.A."
"GARCÍA RODRÍGUEZ FERRETERÍA, S.L."
"IBÉRICA DEL CALOR, S.L."
"CRISTALERIA RAMOS Y RAMOS, S.L."
"INDUSTRIAL ALONSO Y CUESTA, S.L."
"GÓMEZ QUINTEIRO, S.L."
"SANEAMIENTOS CERCADILLO, S.L."
"AREALOURA, S.A."
"CASTROMÁN, S.L."
"ALMACÉN DE FERRETERÍA MANUEL ÁLVAREZ, S.A."
"FERRETERÍA PUENTES, S.L."
"GERICO RADIO, S.L."
"CONSTRUCTORA HERCULINA, S.L. (COHESA)"
"INTERFLEX, S.L."
"COMERCIAL JUSA, S.A."
"MASFARNÉ CUENCA, S.A."
"PORTERO ESCOBAR EXPOSICIONES, S.L."
"MADERAS GOIAN, S.L."
"MIGUEL SALINERO, S.L."
"BACHMANN, S.A."
"CELESTINO VIEJO, S.L."
"CEYMACO, S.L."
"BENIGNO VÁZQUEZ MONGIL, S.L."
"AYUSO 3 BURGOS, S.L."
"DMIGUEL DISTRIBUCIÓN ACTIVA MULTISECTORIAL, S.L."
"MATERIALES DE CONSTRUCCION RETAMOSA, S.L."
"MADERAS ROMERO, S.A."
"MANUEL SAN FRUTOS, S.L."
"HERMANOS MARTÍNEZ DE AZAGRA, S.A."
"MADERAS ACUÑA, S.L."
"C. VÁZQUEZ E HIJOS, S.L."
"MATERIALES ESSACO, S.L."
"REVILUIS, S.L."
"FERRALLA MARIÑAMANSA, S.L."
"DISERVAN DOUS, S.L."
COMERCIAL BAUTISTA MATERIALES DE CONSTRUCCIÓN S.L.
"COMERCIAL FONCAMO, S.A."
"ROMAJE, S.L."
"FIXAGAL, S.L."
"HERRERO ANTONA, S.L."
"LA HERRAMIENTA INDUSTRIAL, S.L."
"FERPUEBLA, S.L."
"FERRO BAZAR, S.L."
"ARCOIRIS 2002, S.L."
"LANGREASTUR FONTANERÍA CALEFACCIÓN Y GAS, S.L."
"MATERIALES DE CONSTRUCCIÓN CEJUÁN, S.L."
"SUMINISTROS BERMÚDEZ ULLOA, S.L."
"QUIÑONES CAMACHO HERMANOS, S.L."
"LARA MATERIALES Y CONSTRUCCIONES, S.L."
"CHELINO 2012, S.L."
"OXIGAR, S.L."
"FERRETERIA M. CASAIS, S.L."
"SUMINISTROS INDUSTRIALES LEMOS-OURENSE, S.L."
"BERNABÉ JIMÉNEZ, S.A."
"SINELEC HENARES, S.L."
"ALQUIOR, S.L."
"CONSTRUCCIONES MANUEL VALENTÍN RECUERO, S.A."
"ANGEL VIZOSO, S.L."
"URVIAL SOCIEDAD DE GESTIÓN URBANÍSTICA, S.L."
S.C.L. DE TRABAJOS ASOCIADOS MATERIALES DE CONSTRUCCIÓN Y TRANSPORTES GARCÍA
"JILOVAL, S.L."
"VICENTE CAMPANO, S.L. (VICAM)"
"GREGORIO FERNÁNDEZ E HIJOS, S.L."
"MARTÍN GARCÍA 2005, S.L."
"SERVICIO DE ENCOFRADOS ALISAN, S.A."
"GIACOMINI ESPAÑA, S.L."
SÁNCHEZ ORTEGA
"TRANSPORTES Y MATERIALES DE CONSTRUCCIÓN SUENA, S.L."
"CLARAMUNT MATERIALS DE CONSTRUCCIO, S.L."
"ESPECIALIDADES QUÍMICAS COSTA AZUL, S.L.U."
"FELIPE DE MARCO, S.A."
"SALTOKI CENTRO, S.A."
"INCACOLOR, S.L."
"FONTANERÍA FERRETERÍA MODERNA, S.L."
"TUGARO, S.L."
"CONSTRUMAT VALL DE UXO, S.L."
"MATERIALES PARA LA CONSTRUCCIÓN MATÍAS VALLES LÓPEZ, S.L."
"NOLASCO PÉREZ, S.A."
"SUMINISTROS CARLET, S.L."
"GARJOR, S.L."
"HUMET CERAMIQUES, S.L."
"MATERIALES DE CONSTRUCCIÓN MARTÍN RODRÍGUEZ, S.L."
"GRUPO INMOBILIARIO CASTELLVI, S.L."
"FECASTO, S.L."
"AMPERE SYSTEM IBÉRICA, S.L."
"MATERIALES DE CONSTRUCCIÓN JACINTO GÓMEZ, S.L."
"FERRETERÍA COSLADA, S.A."
"FITA IBICENTRO, S.A."
"FERRETERIA OLIVELLA, S.L."
"PINTURAS INDUSTRIALES MUÑOZ, S.A."
"SUMINISTROS INDUSTRIALES GOSAN, S.L."
"FERRETERÍA BADIA, S.A."
"FERRETERIA FONT FREDA, S.L."
"SAUTER IBÉRICA, S.A."
"TOMAS LLAVADOR ARQUITECTOS E INGENIEROS, S.L."
"OVISA PAVIMENTOS Y OBRAS, S.L."
"ASFALTOS Y PAVIMENTOS, S.A. (ASFALPASA)"
"TRAVIPOS, S.A."
"CEMENTOS MALLAND, S.A."
"JOFIBA, S.A."
"SUBEROLITA, S.A."
"INDUSTRIAS DEL CAUCHO, S.L."
"FERRETERÍA L. AGUILAR, S.L."
"ALMACENES QUERO, S.L."
"MATERIALES DE CONSTRUCCIÓN LA JUANITA, S.L."
"SALAZAR MATERIALES, S.L."
"REYES SUERO, S.L."
"AZUL-GRES DEL MEDITERRANEO, S.L."
"MATERIALES DE CONSTRUCCIÓN CALETA, S.L."
"DIZU, S.L."
"SA TEULERA MAGATZEM DE CONSTRUCCIÓ, S.L."
"VALLS HERMANOS, S.L."
"ALMACENES HERMANOS VALERIANO, S.L."
"PRETENSADOS CAC, S.L."
"CAN SOLER, S.A."
"ÁNGEL CUADRAS, S.A."
"CONSTRUCCIONES SABATER, S.A."
"FRANCISCO MARTÍN MARTÍN, S.A."
"MOSAICOS Y DECORACIÓN, S.A."
"J. FARRÉ, S.A."
"SUMISUR, S.L."
"MATERIALES DE CONSTRUCCIÓN Y TRANSPORTES NUESTRA SEÑORA DE GUADALUPE, S.L."
"SUMINISTROS ELÉCTRICOS JOYSA, S.L."
"PINTURAS L'ALBERA, S.L."
"MARTIN ARRABAL, S.L."
"AIZMAN KOS, S.L."
"COMERCIAL COBO PULIDO, S.L."
INTER AVIA S.A.
"TECNICAS DE FIJACIÓN MECÁNICA, S.A."
"VALVULERÍA DEL NORTE, S.L."
"VIUDA DE JUAN PÉREZ AURA, S.L."
"PLANELL, S.A."
"CONSTRUCCIONS CINT, S.A."
"INMOBILIARIA ALHAMBRA, S.L."
"VIGUETAS TITÁN, S.L."
"MADERAS ZUBIZARRETA, S.A."
"IMER DISTRIBUCIÓN DE MAQUINARIA, S.A."
"BONA IBERIA, S.L."
"SEGURIDAD SELEC ELECTRÓNICA, S.L."
"HERMANOS LLAURADO MATERIALES DE CONSTRUCCIÓN, S.L."
"DANIEL GARCIA, S.L."
"MATERIALES DE CONSTRUCCIÓN MOMPÓ L'OLLERÍA, S.L."
"MATERIALES DE CONSTRUCCIÓN BUENA VISTA, S.L."
"SUMINISTROS ELÉCTRICOS ABC MOLINS DE REI, S.L."
"MATERIALS DEL LLOBREGAT, S.L."
"COFRELEC ESPLUGUES, S.L."
"LA CAMBRIJA, S.A."
"BELCRILUX, S.L."
"S.P.M. PROMOCIONS MUNICIPALS DE SAN CUGAT DEL VALLÉS, S.A. (PROMUSA)"
"INDUSTRIAS RAYCO, S.A."
"TECNOLOGIA TÉRMICA, S.A. (TECNOTERMICA)"
"PREFABRICADOS ALVE, S.L."
"ULAHI, S.A."
"GERO 10, S.L."
"CALVIGA, S.L."
"ANIDIA, S.A. (KINGHOGAR)"
"SUMINISTROS ELECTRICOS ARAGON, S.A. (SEASA)"
"BURMIMAGO, S.L. (GRUPO BOGARIS)"
"ALMACENES LIRA, S.L."
"HIERROS Y ACEROS GARCÍA Y COMPAÑÍA, S.L."
"PREFABRICADOS DE HORMIGONES MONTALBÁN Y RODRÍGUEZ, S.A."
"MATERIALES DE CONSTRUCCIÓ LLUÍS SÁNCHEZ, S.L."
"MATERIALES DE CONSTRUCCIÓN MAFER, S.L."
"MANETA AZULEJOS, S.L."
"FUSTES CENTRALS, S.A."
"MACE MANAGEMENT SERVICES, S.A."
"ZITRO MATERIALES DE CONSTRUCCION, S.L."
"AZULEJOS JAVIER FERNÁNDEZ, S.L."
"MATERIALS DE CONSTRUCCIÓ TORREFORTA, S.L."
"MATERIALES CONSTRUCCION CUBELLES, S.L."
"MATERIALS DE CONSTRUCCIÓ MULLERAT, S.A."
"MATERIALS CIUTADELLA JOAN I JORDI, S.L."
"MATERIALES RUEDA, S.L."
"CANO MATERIALES DE CONSTRUCCIóN, S.L."
"PRETENSATS BARDIA, S.A."
"SISTEMAS Y ACCESORIOS EUROPEOS, S.L."
"JOSÉ MARÍA CABALLERO, S.A."
"TRESJIV, S.L."
"CRISTALERIA F. SOLA, S.L. (F. SOLA GLASS SOLUTIONS)"
"JUAN PEDRO MIÑARRO, S.L."
"MAGATZEM BOSOM, S.L."
"IMTERSA, S.L."
"TODO PARA LA CASA, S.L. (TUCASA)"
"MEGASIEM, S.L."
"HIJOS DE FRANCISCO DÍAZ, S.L."
"COMERCIAL KV, S.L."
"IGARLEK, S.L."
"BELTRAN MONTORO, S.A."
"MANUEL MEDINA BUENO, S.L."
"CONTRA, S.A."
"SANEAMIENTOS ANTONIO ELOSEGUI, S.L."
"BARRANOVA, S.L."
"SUBMINISTRES ELECTRICS I SANITARIS ABC BAIX PENEDES, S.L."
"SUMINISTROS ELÉCTRICOS ABC L'HOSPITALET, S.L."
"BPV VILLAVERDE, S.L."
"TRANSPORTES ACAIÑAS CABRERA, S.L."
"MATERIALES GASCA, S.L."
"CHICANO SUMINISTROS CONSTRUCCION, S.L."
"DEMETRIO ROMERO, S.L."
"SUMINISTROS PARA LA CONSTRUCCIÓN PLAZA AMURRIO, S.A."
"ALFONSO TEJERO E HIJOS, S.L."
"TUBOS VEGA, S.L."
"BILTOSAN, S.L."
"TRANSPORTES Y MATERIALES PRUNA, S.L."
"SUMINISTROS VERASUR, S.L."
"TECNILUM, S.L."
"MANUEL LARA, S.L."
"FUSTES EMPORDA, S.A."
"JULIO MARTINEZ AVILES Y COMPAÑIA, S.L."
"COMERCIAL ELÉCTRICA GUERRERO, S.L.L."
"BARTOLOME FABIOS E HIJOS, S.L."
"MATERIALES ELÉCTRICOS ALCORCÓN, S.A."
"SUMINISTRES ELECTRICS PER MANTENIMENTS, S.A."
"COMERCIAL FONT GALLART, S.L."
"ALMACENES EUROPA, S.A."
"ELCOMI, S.A."
"GOTARRA, S.L."
"MATERIALES DE CONSTRUCCIÓN SALVADOR GUERRERO HEVILLA, S.L."
"TECNICAL MANRESA,S.A."
"ORIGINAL GAUR, S.A."
"COMERCIAL JAYPE, S.A."
"TUBREPLAST, S.L."
"SEIRE PRODUCTS, S.L."
PRASA ANDALUCÍA OCCIDENTAL SL
"URBACON LEVANTE, S.L."
"ADOSO GESTIÓN, S.L."
"CALES GRANADA, S.A."
"GRÚAS BONET, S.A."
"SÁNCHEZ VALIENTE MATERIALES DE CONSTRUCCIÓN, S.L."
"TECNOLOGÍA DEL CEMENTO Y MORTERO, S.L."
"ELECTRICIDAD RAMOS Y COMPAÑÍA, S.L."
"SUCESORES M. ALTES, S.L."
"MATERIALS PER A LA CONSTRUCCIÓ JORDI VILAR, S.L."
"ELECTRO GRANADA, S.L."
"INURBAN, S.A."
"CONSTRURED OBRAS Y SERVICIOS, S.A."
"ALUGOM LORCA, S.L."
"MAQUINARIA NAVARRA, S.A. (MANASA)"
"ALDIMAK, S.L."
"XIMOR MORTEROS, S.L."
"INSULAR DE ELECTRICIDAD SÁNCHEZ, S.L."
"GRUPO RÍAS II SUMINISTROS ELÉCTRICOS E ILUMINACIÓN, S.L."
"SUMINISTROS LA MURALLA, S.L."
"ACCESORIOS FONTANERIA MORALES, S.L."
"PEYCO PROYECTOS ESTUDIOS Y CNES., S.A."
"EXCAVACIONES ZUBILLAGA, S.L."
"CONSPA CATALUNYA, S.L."
"MONTAJES AGÜERO, S.L."
"CONSTRUCCIONES INSTALACIÓN Y TRACCIÓN, S.A."
"TECNOGAS, S.A."
"PARRAS, S.L."
"SANEAMIENTOS IBAIZABAL, S.A."
"MATERIALES DE CONSTRUCCIÓN VILLARREAL, S.L. (MACOVI)"
"CONSTRUCCIÓN PROMOCIÓN CLIMENT, S.L. (COPROCLIMENT)"
"PROVEEDORA DE LA COSTA, S.L.L."
"MEDITERRANEO HISPA  GROUP, S.A."
"CERÁMICAS Y CONSTRUCCIONES ROCA, S.L."
"GRUPO EMPRESARIAL LUALCA, S.L."
"MOYDE MATERIALES DE CONSTRUCCION, S.L."
"LUSO GALAICA DE TRAVIESAS, S.A. (LGT)"
"DISELMATIC, S.L."
"CENTRO MADERA Y MUEBLE 2014, S.L."
S.A. RUBI INDUSTRIAL (BOATEXA)
"ELECTRO BERMA, S.L."
"MATERIALS CAMPS, S.L."
"MULTIPIO, S.L."
"COFRELEC ELECTRICA MOLINS, S.L."
"SIS GRUP GIRONA 1993, S.L."
"ESTUDIO ALVAREZ-SALA, S.L.P."
"EMIL IMPORT, S.L."
"FES MES SUBMINISTRES, S.L."
"HIERROS BAM, S.L."
"HIERROS BELOKI, S.L."
"MATERIALES DE CONSTRUCCIÓN FRAMA, S.L."
"JUAN FERRIOL E HIJOS, S.L."
"PINTURAS JANER, S.A."
"SERVICOLOR ONDARA, S.L. "
"SALTOKI GIRONA, S.A."
"SALTOKI BLANES, S.A."
"VEMATEL ALMERÍA, S.L."
"VENFRICO NAVARRA, S.L."
"G. COPROVEN CLIMATIZACION, S.L."
"BRICOLAJE ALPUENTE, S.L."
"ALMACENES COFESUR, S.L."
"LA CASA DEL PINTOR TU CASA, S.L."
"MATERIALS PER LA CONSTRUCCIÓ CAPAR, S.L."
"MATERIALS DE CONSTRUCCIO MARTORELL TORRANDELL, S.L."
"STULZ ESPAÑA, S.A."
"MANXA 1.901, S.L."
"ELOLA DOS, S.L."
"FERRETERÍA PERPIÑÁ, S.L."
"ESTIL GURU, S.L."
"PRODUCTES NATURALS CATALUNYA, S.L."
"GRUPO INVERSIONES YAGÜE, S.L."
"EDISER CASTELLNOU, S.L."
"MUNNÉ I MUNNÉ, S.L."
"BALEAR DE SUMINISTROS FRIGORÍFICOS, S.A."
"MORLA MASCARÓ, S.L."
"FARECOR MORTEROS, S.L."
"PROMOTORA DEL GARRAF, S.L."
"ELECTRO SOLER MANILS, S.L."
"PALHER SUMINISTROS ELÉCTRICOS, S.L."
"ARGANDEÑA DE BARNICES Y PINTURA, S.L."
"SOCIEDAD ESPAÑOLA DE CONSTRUCCIONES ELÉCTRICAS, S.A."
"MIGAL FONQUIVIR, S.L."
"TORVISCO BAÑOS, S.A."
"SUBMINISTRES L'ESTANY, S.L."
"CLIVENT ESPECIALISTES EN VENTILACIO, S.A."
"LESMA TUDELA, S.L."
"MATERIALS FARRENY, S.L."
"ARMALLATS, S.A."
"CONSTRUCCIONES OLIASTUR, S.A."
"CIMENTA2 GESTIÓN E INVERSIONES, S.A."
"FERRETERÍA CABO DE PALOS, C.B. (CALA FLORES)"
"GRESAIDA EIVISSA, S.L."
"GRESS ARGENTONA, S.L."
"ALMACÉN DE AZULEJOS Y PAVIMENTOS ONDA CASTELLÓN, S.L."
"ALLEGRA EUROPEAN HOLDING, S.A."
"GRESALIA CERÁMICAS, S.L."
"NOVELEC CERDANYOLA, S.L."
"NOVELEC MARESME, S.L."
"NOVELEC GARPE, S.L."
"PREFABRICADOS DE HORMIGÓN DEL SUR, S.L. (PREHOSUR)"
"SANEAMIENTOS LINARES, S.L."
"ÁNGEL RUIZ IBÁÑEZ, S.A."
"NOVELEC RONDES, S.L."
"NOVELEC BAIX CAMP, S.L."
"HIJOS DE EL TURRO, S.L."
"VILLACASETAS, S.L."
"CENTRALDIS, S.C.P."
"SUMINISTROS RODRÍGUEZ VILCHEZ, S.A.L."
"HIJOS DE PERELLÓ VIDAL, S.L."
"MATERIALES DE CONSTRUCCIÓN SANTOJA, S.L."
"MELERO CB, S.L."
"MATERIALES DE CONSTRUCCIÓN PÁEZ, S.L."
"BRICO EXPRESS, S.L.U."
"SUBMINISTRES SAMA, S.L."
"ALMACENES BERNÁRDEZ, S.L."
"MATERIALES DE CONSTRUCCIÓN BLÁZQUEZ E HIJOS, S.L."
"ALKIHAIZEA, S.A."
"FERRETERÍA DAGANZO, S.L."
"MAINATE, S.A."
"UNIFERAG CARIBE, S.L."
"COMUNO KOPTIMO, S.L."
"FERROTEK SUMINISTROS, S.A."
"SERVIMACON, S.L."
"JACINTO BÁEZ SOCORRO, S.L."
"DRAGO CAPITAL, S.L."
"ARATZ PROJECT, S.L.L."
"MIGUEL LARA E HIJOS, S.L."
"OBRAS ELECTRICAS, S.A. (OBRELSA)"
"HERMANOS ESCOBEDO GARCÍA, S.L."
"SOB ARQUITECTOS, S.L."
"STRUGAL 8, S.L."
"VALVERDE HERMANOS, S.L."
"HERMANOS RUBIO GRUPO CONSTRUCTOR HERCE, S.L."
"CONSTRUCCIONES GARNICA Y CORTÉS, S.L."
"OBRAS Y SERVICIOS PÚBLICOS, S.A. (OSEPSA)"
"VICONSA, S.A."
"SENDÍN PAVIMENTOS Y ABASTECIMIENTOS, S.A."
"OBRAS Y PROMOCIONES COMAS, S.A."
"IROCA, S.A."
"CONSTRUCCIONES RUBIO MORTE, S.A."
"SERRAZAR, S.L."
"CONSTRUCCIONES ALBORA, S.A."
"EMPRESA CONSTRUCTORA EJUCA, S.A."
"ACIMUTH SERVICIOS INTEGRALES DE CONSULTORIA ENERGETICA Y ENERGIAS RENOVABLES, S.L."
"PAOBAL ALBALATE, S.L."
"CONSTRUCCIONES Y REFORMAS ANDRASA, S.L."
"ARTÍFEX INFRAESTRUCTURAS, S.L."
"IZA OBRAS Y PROMOCIONES, S.A."
"CONSTRUCCIONES EMILIO CUETO, S.L."
"ARALIA SERVEIS INTEGRALS PER LA CONSTRUCCIÓ, S.A."
"FERBOCAR CONSTRUCCIONES, S.A."
"DIRECCIÓN E INVERSIONES EN NAVES CONSTRUCCIONES Y AUTOPISTAS DINÁMICA, S.L."
"MAHECO, S.A."
"GRUPO CEREMON, S.L."
"VIDROPLAST CANTABRIA, S.L."
"PERFILES NAVARRA, S.L."
"EL VENTORRO E HIJOS, S.L."
"ISIDORO CARO E HIJOS, S.L."
"ELESANCO, S.L."
"TECNO ELECTRO MATERIAL ELÉCTRICO, S.L."
"BERDIN RIOJA, S.L."
"MAELVA DE MATERIAL ELECTRIC, S.L."
"TUBERÍAS Y PAVIMENTOS, S.A."
"BAU PANEL SYSTEMS, S.L."
"ALMACENES DE MATERIALES HERNÁNDEZ, S.L."
"MATERIALES DE CONSTRUCCIÓN ZÁRATE, S.L."
"TRASDOS, S.L."
"GILABERT MIRO, S.A."
"ROUSSEAU, S.A.U."
"MOSAICOS ALONSO BM, S.L."
"SANEAMIENTOS CAMPOS, S.A."
"DESMONTES GARCÍA, S.A."
"SANZ ROLDÁN, S.L."
"INMOBILIARIA SANDI, S.L."
"HERMANOS GARCÍA ÁLAMO, S.L."
"CASTROGRES, S.L."
"ALMACENES PEDROUZO, S.A."
"PINO MATERIALES DE CONSTRUCCIÓN, S.L."
"SUMINISTROS CÁNDIDO MARTÍN, S.A.L."
"COBLANSA, S.A."
"SUMINISTROS CUSÁN, S.L."
"SOCIEDAD PÚBLICA DE INVESTIMENTOS DE GALICIA, S.A."
"MORCILLO COMERCIAL FERRETERA, S.L."
"UNIÓN FERRETERA ASTUR,S.L."
JUAMBA MATERIALES DE CONSTRUCCIÓN Y FERRALLAS S.L.
"MANUEL RIVAS BOQUETE, S.L."
"H T HISPANOTÉRMICA, S.A."
"INGENIERÍA Y DISEÑOS TÉCNICOS, S.A."
"CIMENTACIONES Y FERRALLA, S.A."
"SEÑALIZACIONES Y BALIZAMIENTOS LA CASTELLANA, S.A."
"ÁRIDOS Y EXCAVACIONES CARMELO LOBERA, S.L."
"LUIS DÍAZ DÍAZ, S.L."
"CONSTRUCCIONES Y MATERIALES DE CONSTRUCCIÓN FRANCISCO FERNÁNDEZ, S.L."
"CENTRELEC, S.L."
"HELMATEL, S.L."
"STEEL BETON ESPAÑOLA, S.L."
"FERRANDO GARIJO, S.A. (FERGA)"
"AZULEJOS SOLÁ, S.A."
"ITISA, S.L."
"EXCAVACIONES Y PINTURAS, S.A."
"CONSTRUCCIONES MARÍA GARCÍA MARTÍNEZ, S.L."
"MATERIALES DE CONSTRUCCIÓN OBRAS Y PROYECTOS SENIS, S.L."
"CUÑASA MATERIALES PARA LA CONSTRUCCIÓN, S.L."
"BIGMAT SAGRA, S.L."
"SUMINISTRO INTEGRAL DEL AGUA, S.L."
"MATERIALES DE CONSTRUCCIÓN Y TRANSPORTES GARCÍA HERNÁNDEZ, S.L."
"MATERIALES CALVO, S.A."
"EVELIO GONZÁLEZ GUARDIA, S.L."
"TPF FACTORY, S.L."
"LANCHO CANDELEDA, S.L."
INSTITUTO BALEAR DE LA VIVIENDA (IBAVI)
"VISOREN, S.L."
"GONZÁLEZ MARQUINA, S.L."
"CLEMENTE GONZÁLEZ, S.L."
"TÉCNICA Y MATERIALES, S.A. (TEYMA)"
"CERÁMICA GAYGA, S.L."
"LORENZO COMERCIAL, S.L."
"ALMACENES RECAREY, S.L."
"VIABAL MANTENIMENT I CONSERVACIÓ, S.A."
"ECOCIVIL ELECTROMUR G.E., S.L."
"FERROINSA FORTES, S.L."
"COMERCIAL ELÉCTRICA DE LOS BARROS, S.L."
"LUIS HERNÁNDEZ ÁLVAREZ, S.L."
"SUMINISTROS MONJARDÍN, S.A.L."
"MAQUINARIA CURVASER, S.L."
"KAIMANN IBERIA, S.L."
"PESET VIDAL, S.L."
"PINTURAS NIETO, S.A."
"ADHESIVOS & SELLADORES, S.L. (A&S)"
"FORMESA, S.A."
NOVELEC PLA DE L'ESTANY SL
"SOBRINO G., S.A."
"CRISTÓBAL VILLANUEVA, S.L."
"AMAFRI, S.L."
"TUBESÁN, S.L."
"LEONARDO AZPIRI, S.A."
"TÉRMICA MURCIANA, S.L."
"HISEMAR, S.L."
"MATERIALS GISBERT, S.L."
"PREHORVINOR, S.L."
"NOVASOL SPRAY, S.A."
"MARCAS VIALES, S.A."
"HIDRALAIR, S.L."
"GARCÍA FABERO, S.L."
"ELÈCTRIC SERVEI, S.A."
"ESTUDIOS DE ARQUITECTOS Y CONSULTORES SN, S.L."
"TENYSOL, S.L."
"VIKARPIN, S.L."
"SAMACO, S.L."
"PINTURES MARTORELL, S.L."
"CERIMES 2011, S.L."
"BERROJALBIZ E HIJOS, S.A."
"MIGUEL MAÑAS, S.L."
"ALMACENES CROS, S.L."
"ISMAEL TELLO, S.A."
"GENERAL DE SUMINISTROS BALLESTER, S.L."
"EURO COMPONENTES FRIGORÍFICOS, S.L. (ECOFRI)"
"SUBMINISTRAMENTS DE MATERIALS I EXCAVACIONS IGUALADA, S.L. "
"SANEAMIENTOS JOSÉ GÓMEZ, S.L."
"ALMACENES LAVÍN, S.A."
"KAWNEER ESPAÑA, S.L."
"HONA HIERROS, S.A."
"GRENERGY RENOVABLES, S.L."
"GENERAL DISTRIBUIDORA DE LÁMPARAS, S.A. (GEDILSA)"
"PROVEEDORA DE ALUMINIO, S.A."
"INDUSTRIAL SERVICIOS ELÉCTRICOS 40, S.L."
"SALDUBA, S.A."
"MÓDULO MATERIALES DE CONSTRUCCIÓN, S.L."
"MATERIAL ELÉCTRICO DE CÓRDOBA, S.L."
"FRESNO, S.A."
"VERONA, S.A."
"ZOSMA, S.A."
"IBÁÑEZ, S.A."
"CORTINA Y MALLO, S.A."
"CONSTRUCCIONES PULIDO, S.A."
"PROMOCIONES CUBELLS ALMENAR, S.L."
"CASSA GRUPO EMPRESARIAL, S.L."
"GIROP, S.A."
"LUZCO, S.L."
"ALMACENES GENERALES R. ANDRADE, S.L."
"ASME, S.L."
"ASFALTOS Y FIRMES BURGALESES, S.A."
"BALPIA, S.A."
"SUMINISTROS BARBANZA, S.L."
"CESÁREO FERNÁNDEZ, S.L."
"SERVICIOS INMOBILIARIOS AVILÉS, S.L."
"ACEROS MÉRIDA, S.A."
"MAIA OTTO FLOORING SOLUTIONS, S.L."
"J. LÓPEZ SANTOS, S.L."
"RAMÓN CABADO, S.L."
"AZULEJOS HERMIDA, S.L."
"MATERIALES DE CONSTRUCCIÓN A. RODRÍGUEZ, S.L."
"ALMACENES MÉNDEZ, S.L."
"ALMACENES EL ABSIDE RIOJA, S.A."
"HIERROS LAMINADOS ASTURIAS, S.A."
"HIERROS DÍAZ CÁCERES, S.L."
"HIERROS GARCÍA SÁNCHEZ, S.L."
"HARTING IBERIA, S.A."
"ITRON SPAIN, S.L."
"ROEL Y GOMEZ, S.L."
"SUMESA, S.A."
"CRIPTANENSE PAVIMENTOS REVESTIMIENTOS, S.L."
"SUMINISTROS INDUSTRIALES JÚPITER, S.A."
"HORMIGONES MORALOS, S.L."
"ARTURO OLMOS MAROTO, S.L."
"CIVIDANES MARTINEZ MATERIALES CONSTRUCCIÓN, S.L."
"TORGUESA INDUSTRIAL, S.L."
"MADERAS JOSÉ MARÍA, S.L."
"CODIALUM ALBACETE, S.L."
"TECNICAS DE AGUA ULECIA, S.A. (TAUSA)"
"RIANOIA SUMINISTROS PARA LA CONSTRUCCIÓN, S.L."
"ALUMINIOS LA SERENA, S.A."
"MATERIALES DE CONSTRUCCIÓN SAN ZOILO, S.L."
"CONSTRUCCIONES BARCELÓ MORCILLO, S.L."
"ALQUISAGAR, S.L."
"FERRETERÍA SAGAR, S.L."
"ALMACENES CALINDSA, S.L."
"VELILLA GARRIDO, S.L."
"SUMINISTROS MONTE, S.L."
"AZULEJOS Y MATERIALES CONSTRUCCIÓN AURORA, S.R.L."
"MATERIALES DE CONSTRUCCIÓN DE LA HERA CERVERA, S.L."
"LÓPEZ PADRUNO, S.L."
"CC PROTECCIÓN Y SUMINISTROS INDUSTRIALES, S.L."
"FERRETERIA VALIÑO, S.L."
"SANEAMIENTOS CALDAS, S.L."
"ALMACENES LUIS FDEZ. GALLEGO, S.L."
BIGMAT TALAVERA (GIPV)
"SUMINISTROS VALDOVIÑO, S.L."
"ALMACENES AGUA GARCÍA, S.L."
"RAVAGO PLÁSTICOS, S.A."
"PUERTAS SANSO, S.L."
"HISTAMAR, S.L."
"FERRETERÍA HUZATE, S.A."
"ANDRÉS PEINADO E HIJOS, S.L."
"HIJOS DE SARA MARTÍNEZ, S.L."
"TRANSPORTES GARGON, S.L."
"PINTURAS T ESTEBAN, S.L."
"ACT BRICOLAJE Y DECORACIÓN, S.L."
"DISTRIBUCIONES DE SUMINISTROS DE FONTANERÍA AGRICULTURA INDUSTRIA Y CONSTRUCCIÓN DRD, S.R.L.L."
"IBIZA COLOR, S.L."
"ALAVESA DE PINTURAS, S.A."
"C. MARTÍNEZ, S.L."
"MELSACON, S.L."
"VICENTE CALABUIG, S.L."
"JUAN LORENTE GARCIA, S.L."
"PINTURES VIC, S.A."
"SUMINISTROS MERCA BCN, S.L."
"ALMACENES PRADA, S.L."
"BASALDE BI, S.A."
"INDUSTRIAS TAYG, S.L."
"MIGUEL CÁCERES PINTURAS, S.L."
DECORACIONES QUINTANA - GRUPO
"SEGUNDO PRIEGO, S.A."
"FERRETERÍA FUERTEVENTURA, S.A."
"SUMINISTROS CERRAJEROS, S.A. (SUCESA)"
"CASA MESTRET, S.L."
"CÉSAR GONZÁLEZ, S.L."
"PREFABRICADOS Y POSTES DE HORMIGON, S.A. (PREPHOR)"
"TRANSPORTES Y EXCAVACIONES RIBERA, S.A."
"EXCAVACIONES Y TRANSPORTES CEREZO, S.A."
"CONSTRUCCIONES DARIAS, S.A."
"FORJADOS LA AZUCENA, S.L."
"MIRAMUNT-VILAMU, S.L."
"MADRID RAMOS SIERRA, S.A."
"BORTUBO, S.A."
"FORJADOS MARFE, S.A."
"BOVEDILLAS CERAMICAS ANDALUZAS, S.A."
"SADEKOSA, S.A."
"FABREGAS HERMANOS, S.A."
"FERRETERÍA ARIES, S.A."
"SUMINISTROS GAME, S.A."
"FERRETERIA MASPOR, S.A."
"FERRETERIA JANE, S.A."
"VILLA FLORES MARTÍN MONTAJES ELÉCTRICOS., S.A."
"SANEAMIENTOS SEMPERE, S.L."
"FIBROTEC, S.L."
"TRANSARBONA, S.L."
"DOCURRI, S.L."
"PIALFER, S.L."
"PROMOTORA DE CEMENTOS AZULEJOS Y ROCALLA, S.L."
"CEMENTOS MOLLET, S.L."
"SANITARIOS AMO, S.L."
"JOSÉ MARÍA RODILLA, S.L."
"RAMIREZ MARTÍN E HIJOS, S.L."
"ERJESA, S.L."
"SUMINISTROS ELÉCTRICOS ANTRA, S.L."
"SUMINISTROS ELÉCTRICOS MTP, S.L."
"PREFABRICADOS DE CATALUÑA, S.A."
"SUEPRAT & ALARTE, S.L."
"AISLAMIENTOS UNIFICADOS, S.L. (SLAU)"
"MATERIALES DE CONSTRUCCION SOL, S.L."
"ALMACENES BELARRA, S.L."
"MATERIALES DE CONSTRUCCIÓN CASTEJÓN, S.L."
"MATERIALS CASSERRES, S.A."
"MATERIALES DE CONSTRUCCIÓN JOSÉ PÉREZ E HIJOS, S.L. "
"MATERIALS SELMA, S.L."
"AZULEJOS CHIVA, S.L. (DYSAMA)"
"MATERIALES DE CONSTRUCCION DIMAS, S.L."
"MATERIALES ZAMBRANO, S.L."
"V33 ESPAÑA, S.A."
"WIRQUIN CALAF, S.L."
"SIMÓN ELEMENTOS Y MATERIALES CONSTRUCCIÓN, S.L (FERRETERÍA SIMÓN)"
"AISLUX CATALUNYA, S.A."
"MARORBA, S.A."
"INVESIA CONSTRUCCIÓN Y SERVICIOS, S.L."
"CONSTRUCCIONES HERMANOS SANZ, S.A."
"SAGRERA CANARIAS, S.A."
"PEISA VALENCIA, S.A."
"SIEMSA CONTROL Y SISTEMAS, S.A."
"T.Q. TECNOL, S.A.U."
"ZAPATA, S.A."
"ADELL 2010, S.L."
"CARMIX HESPERIA, S.L."
"HERMANOS NOGAL BRAVO, S.L."
"MATERIALES DE CONSTRUCCIÓN MUXIKA, S.L."
"CARBONELL MATERIALES DE CONSTRUCCIÓN, S.L."
"DASI MATERIALES DE CONSTRUCCIÓN, S.L."
"GINESTA 1951, S.L."
"MATERIALS IGUALADA, S.L."
"PATXI MATERIAL DE CONSTRUCCIÓN, S.L."
"MATERIALES DE CONSTRUCCIÓN GIL CHINEA, S.L."
"NUEVA URBANIZADORA RESIDENCIAL, S.A."
"PREFABRICADOS ADYBOR, S.A."
"ALONSO HERNANDEZ & ASOCIADOS ARQUITECTURA, S.L."
"RODRÍGUEZ OLMOS, S.L."
"MORANT CONDE E HIJOS, S.L."
"NOLASCO ALDEGUER, S.L."
"HORMIGONES VAM, S.L."
"SUMINISTROS HORTONS, S.L."
"MATERIALES PAMPLONA POLO, S.L."
"SANEJAMENTS VIVES, S.L."
"DÍEZ PATRICIO PUNTA UMBRÍA, S.L."
"MOSAICOS SAN ANTONIO, S.L."
"ARC ARBUCIES CERAMIQUES, S.L."
"ROIG CLADERA, S.L."
"MACOCERSA, S.L."
"CHAPAS TURIA, S.L."
"MATERIALES DE CONSTRUCCIÓN FERNANDO MORENO, S.L."
"GEYSERMARKT, S.L."
"PLATA HERMANOS 94, S.L."
"ROURA Y PUJOL, S.L."
"HIJOS DE PARDO Y BALLESTER, S.L."
"ELECTRICIDAD Y LUZ DE ARAGÓN, S.L."
"CRUZ DEL LLORO, S.L."
"ROLDAN MATERIALES DE CONSTRUCCION, S.L."
"LUMACON, S.L."
"PINTURAS ALFONSO CADROY, S.L."
"MATERIALES DE CONSTRUCCIÓN DIEGO CABRERA, S.L."
"SUMINISTROS GAS MARTÍNEZ, S.L."
"A. ANDRÉS CLEMENTE, S.L."
"SUMINISTROS PARA LA CONSTRUCCIÓN EMILIO, S.L."
"VICENTE MARCO GINER MAYORAZGO, S.L."
"SUMINISTROS ELÉCTRICOS FRALLÁN, S.L."
"MATERIALES DE CONSTRUCCION MATÍAS ÁRBOL, S.L."
"PEREZ LUPION, S.L."
"AZULEJOS BARMA, S.L."
"F. LAGUNA E HIJOS, S.L."
"ALMACENES ELÉCTRICOS RAMÍREZ, S.L."
"VIZCAY HERMANOS, S.A."
"DIONISIO ORMAZABAL, S.A."
"EDUARDO CORTINA, S.A."
"MATERIALES DE CONSTRUCCIÓN TORRES NAVARRO, S.L."
"COPIBA DISTRIBUIDORA DE PINTURAS, S.L."
"CENTRO ELÉCTRICO BALEAR, S.L."
"VIUDA DE ANTONIO FONT, S.A."
"RAMON LAMBEA SANCHO, S.L."
"OLIVERÁ SUBMINISTRES CONSTRUCCIÓ, S.L."
"GARCÍA JUNCO SIERRA SUR, S.L."
"TUBERPLAS, S.A."
"GELATZU 2020, S.L."
"GRUPO ELECTRO MEYRAS, S.L."
"ARGANTEC, S.L."
"PIZARRAS LA BAÑA, S.A."
"BERDIN ALAVA, S.L."
"SPLITMANIA SEVILLA, S.L."
"SUMINISTROS ELÉCTRICOS BPV VALDEMORO, S.L."
"MATERIALES DE CONSTRUCCIÓN Y TRANSPORTES CUENCA, S.L."
"ANTONIO ARREGUI, S.L."
"SANEAMIENTO SANJUAN, S.L."
"AZULEJOS TRINIDAD, S.L. (MARGARITA CUEVAS GALÁN)"
"CONDAL GRUES, S.A."
"TERMIGLASS, S.L."
"AZULEJOS Y PAVIMENTOS HERRERO, S.L."
"SUMINISTROS GUALLAR, S.L."
"EUROSTANDING, S.A."
"KLÉPIERRE MANAGEMENT ESPAÑA, S.L."
"ALUGOM ZARAGOZA, S.L."
"TONO BAGNO, S.L."
"TAVEMA, S.L."
"COBBER IBERIA, S.L.U."
"RAMÓN GIMENO, S.L."
"MOSCARDO GARCIA, S.L."
"AZULEJOS GALA, S.L."
"ESPINOSA, S.A. DE SUMINISTROS"
"SOLER TESELEN, S.L."
"FONGUI, S.A."
"SANEJAMENT ELECTRICITAT I MATERIALS, S.A."
"DYRECO PALMA, S.L. (DYRECO)"
"SANEAMIENTOS DE GUIPUZCOA, S.L."
"ABC MOLLERUSA, S.L."
"SUBMINISTRAMENTS ELECTRICS ABC TARRAGONÉS, S.L."
"TECNOCONTROL SERVICIOS, S.A."
"FHECOR INGENIEROS CONSULTORES, S.A."
"BLASCO CENTRO MATERIAL ELÉCTRICO, S.L."
"EMPRESA MUNICIPAL DE LA VIVIENDA DE ALCOBENDAS, S.A."
"JOSÉ JAVIER CERÁMICAS, S.L."
"MARINA ISLA DE VALDECAÑAS, S.A."
"KALON MANTENIMIENTO INDUSTRIAL, S.A."
"MOYDE OSCA, S.L."
"SUMINISTROS RUICOM, S.L."
"FUSTES LLEIDA, S.L."
"HIJOS DE MIGUEL PADILLA, S.L."
"NIETO SOBEJANO ARQUITECTOS, S.L."
"LOZANO MATERIALS DE CONSTRUCCIO, S.L."
"SANITARIOS BOLAÑO, S.L."
"COMERCIAL DURÁN MIMBRERA, S.L."
"HIPOPOTAMO PINTURAS Y DECORACIÓN, S.L."
"SUMINISTROS ANTONIO RUIZ, S.L."
"CONSTRUCCIONES BERMÚDEZ CALDERÓN, S.L."
"NOU SITAN, S.L."
"BOLSA DE AGUAS DE GRAN CANARIA, S.L."
"ALMERÍA AGUA CONFORT, S.L."
"PRENSAGRA COMERCIAL DE MATERIALES, S.L."
"N S V, S.L."
"BATH COLLECTION, S.L. (THE BATHCO)"
LORCAN S.L.
"MATERIALES DE CONSTRUCCIÓN HERMANOS ZAPLANA, S.L."
"MATERIALES DE CONSTRUCCION EL GERO, S.L."
"CRONADIS, S.L."
"CONSTRUCCIONES LOS MONTAÑESES, S.A."
"FOSTER AND PARTNERS, S.L."
"SOLAR DEL VALLE INGENIERÍA E INSTALACIONES, S.L."
"DECOFRIO, S.L."
"TRANSFORMACIONES Y EMBALSES PARRA, S.L."
"TIMPA, S.L."
"BARNACOBRE, S.L."
"ANDALUZA DE SUMINISTROS DE REFRIGERACIÓN, S.L."
"J. VIÑAS MAGATZEM CONSTRUCCIÓ, S.L."
"EDUARD SEGUÍ FERRETERÍA, S.L.U."
"VIVIENDAS VICOPAL, S.L."
"SERMA EQUIPAMIENTO URBANO, S.L."
"COMERCIAL DE FONTANERIA NEVAL, S.L."
"CERÁMICAS LUIS MARTÍNEZ E HIJOS, S.L."
"GARCÍA LÁZARO MATERIALES DE CONSTRUCCIÓN, S.L."
"HIJOS DE ACAIÑAS CABRERA, S.L."
"IBICENCA DE DERIVADOS DEL CEMENTO, S.A."
"POLVAREAS, S.L."
"SUMINISTROS Y BRICOLAJE LAS HOCES, S.L."
"PIENSOS UNAMUNO, S.L."
"ALCÁZAR-GUIJARRO, S.L."
"ROYO MOLINA, S.L."
"MILIAN TORTAJADA HERMANOS, S.L."
"ALFONSO FABRICH GARCÍA, S.L."
"MATERIALES DE CONSTRUCCIÓN NAVARRO SANZ, S.L."
"MATERIALS I FORJATS 2011, S.L."
"GORELEC SUMINISTROS, S.L."
"SUMINISTROS INDUSTRIALES METAFER, S.L."
"MELCHOR HERNANDEZ CABRERA, S.A. (MELERCASA)"
"ALTOARAGÓN MATERIALES DE CONSTRUCCIÓN Y SANEAMIENTO, S.L."
"AMBROS VALLÉS, S.L."
"CERAMIQUES RILLO, S.L."
"LA GRALLERA, S.L."
"CATALANA DE SUMINISTROS FRIGORÍFICOS, S.L."
"DISMAFRÍO, S.L."
"SUALFONT, S.L."
"MÉTODO CONSTRUCTIVO HABITACIONAL, S.L. (MCH)"
"NOVELEC MARINA, S.L."
"NOVELEC HISPALIS, S.L."
"SINELEC BESOS, S.L."
"SINELEC LLOBREGAT, S.L."
"SINELEC SUR, S.L."
"SINELEC VALLES, S.L."
"CORE GESTIÓN DE PROYECTOS, S.L."
ANTONIO DOMÍNGUEZ CARO (EUROMÁRMOLES Y GRANITOS DEL SUR)
"ELIX ADVICE, S.L. - GRUPO"
"FERRETERÍA JUME 99, S.L."
"CAN TANCA, S.L."
"ECOCERAM, S.L."
"HERVAS 2H5 AVANCES Y DESARROLLO, S.L."
"INSTALADORA SUÁREZ, S.L."
"C'AN PALMER, S.L."
"CASTILLO BALDUZ GESTIÓN, S.L."
"MAXICERAMIC MINIPREU, S.L."
"COMERCIAL KMAG MATERIALS, S.L."
"DECORACIONES TAFERGRES, S.L."
"REFORMES EN GENERAL D'OBRA I VENDA DE MATERIALS PER A LA CONSTRUCCIÓ FAMICAST, S.L."
"LA HITA ALQUILER DE MAQUINARIA, S.L."
"AZULEJOS NICOLÁS PASTOR, S.L."
"SIGMA MATERIALS, S.L."
"FERRETERÍA MONTERO, S.L."
"G.M.G. SUMINISTROS INDUSTRIALES, S.A."
"SALTOKI A CORUÑA, S.L."
"QUÍMICAS NOVELDA, S.L."
"ALMACENES GAYO, S.L."
"CERÁMICAS EL CURRO, C.B."
"BRÍGIDO GASCUEÑA, S.A."
"ALQUIAGA, S.L."
"NOVELEC MEZQUITA, S.L."
"BRICOVELEZ DE FERRETERÍA, S.A."
"TUBOS Y ACCESORIOS DE CONDUCCIÓN, S.L. (TUBACÓN)"
"LA ESPERANZA MATERIALES DE CONSTRUCCIÓN, S.L."
"INSTALACIONES ARTAU, S.A."
"FERRETERIA CANAL, S.A."
"ALUPAN, S.L."
"INDUSTRIAL CAMPOLLANO FERRETERÍA, S.L."
"PROYECTOS E INSTALACIONES ELEKTROSOL, S.L."
DECEUNINCK N.V. SUCURSAL EN ESPAÑA
"RIBALTA I FILLS, S.A."
"INFRISA CONSTRUCCIONES Y OBRAS, S.A."
"SOGEOSA SOCIEDAD GENERAL DE OBRAS, S.A."
"CONSTRUCTORA CONSVIAL, S.L."
"CONSTRUCCIONES CASTRO FIGUEIRO, S.L."
"CONSTRUCCIONES RAMÍREZ, S.L."
"TEN BRINKE DESARROLLOS, S.L."
"GENERAL DE CONSTRUCCIONES Y MONTAJES DE ESTACIONES DE SERVICIO CYMES, S.L."
"AGYFER 91, S.A."
"URBANA DE EXTERIORES, S.L."
"OBRAS Y PAVIMENTACIONES MAN, S.A."
"CONSTRUCTORA PARRADO, S.A."
"GARZÓN MATERIALES DE CONSTRUCCIÓN, S.L."
"DOCAL SOLDEVILLA, S.L."
"OBRES I SERVEIS ROIG, S.A."
"TYROLIT, S.A."
"MATERIALES DE CONSTRUCCIÓN SEGUÍN, S.A.L"
"EMPRESA COMERCIAL ALBERT, S.A."
"SOCIEDAD EXTREMEÑA DE CALEFACCIÓN, S.A."
"SANEAMIENTOS SOTO, S.A."
"COMERCIAL PLASENCIA, S.L."
"REPUESTOS AGRÍCOLAS ROMÁN, S.L."
"DECORACIONES BARCELONA, S.A. (DEBASA)"
"ALMACENES LAGUNA, S.L."
"ALMELEX, S.L."
"NIT-LUX, S.A."
"ELING, S.L."
"FRUTOS LÓPEZ GALINDO GRUPO, S.L."
"SUMINISTROS VALERO CIUDAD REAL, S.L."
"ILLESCAS CASALONGA AZULEJOS PAVIMENTOS Y MATERIALES, S.L."
"MADERAS GIRÓN, S.A."
"GIRÓN MADERAS DEL OESTE, S.L."
"ALMACENES LA ANTIGUA, S.L."
"HORMIBAL, S.A."
"CONSTRUCCIONES SILCA, S.A."
"QUARA GOLF RESORTS, S.L. - GRUPO PEMAR"
"JASA TRANSPORTES Y MATERIALES PARA LA CONSTRUCCIÓN, S.A."
"ALMACÉN EDUARDO, S.L."
"M. C. MAPOCA, S.L."
"CONSTRUCCIONES METALICAS LOS BLANCOS, S.L."
SUMINISTROS ELÉCTRICOS EXTREMEÑOS S.A.
"ALMACENES CIBEIRA, S.L."
"SUMELEX ZAFRA, S.L."
"INBAMAR, S.L."
"FERROS ALONSO, S.L."
"SUCESORES MAXIM'S, S.L."
"ESTABLECIMIENTOS REY, S.L."
"ALMACENES ALONSO E HIJOS, S.L."
"JERÓNIMO MONTERRUBIO E HIJOS, S.L."
"ALMACENES MARIÑA PUENTE LEDESMA, S.L."
"ALMACENES RÍO DE ORO, S.L."
"ROMEU INFANTE, S.L."
"MATERIALES DE CONSTRUCCIÓN PENA, S.L."
"COMERCIAL M. OTERO, S.L."
"SANEAMIENTOS CURRUCHO, S.L."
"CONSTRUCCIONES ELEMAR, S.A."
"ALFOCASA ASTURIAS, S.L."
"VIFERSAN, S.L."
"ARTESOLAR ILUMINACIÓN, S.A."
"ALMACENES MADERMAR, S.L."
"ALCUDIANA DE PANELES ACUST. Y DEC., S.A."
"URBAZO, S.A."
"TRANSPORTES Y EXCAVACIONES M. RAMIL, S.L."
"TOLEGRES TOLEDO, S.L."
"INDUSTRIAS ELECTRICAS BROCAL, S.A."
"NOVELEC BIERZO, S.L."
"PROMOTORA KASDE, S.A."
"HIERROS Y ACEROS DE CIUDAD REAL, S.L."
"HIERROS TOLEDO, S.A."
"HIERROS DÍAZ SALAMANCA, S.L."
"MATERIALES DE CONSTRUCCIÓN SIERRA DE FRANCIA, S.L."
"METALCO ARQUITECTURA EN ACERO, S.L."
"APRIMATIC DOORS, S.L."
"HERMANOS BORBOLLA E HIJOS, S.L."
"SUMINISTROS MAFERCA, S.L."
"HIDROGESTIÓN, S.A."
"TECNOELÉCTRICA GALLEGA, S.L."
"VIQUEIRA INMUEBLES, S.A."
"ALOSEI, S.L."
"ISPIZUA ARQUITECTOS 3, S.L."
"MOBAGRES, S.L."
"HAGER INDUSTRIAL DE ENVOLVENTES, S.A."
"SEREX MAQUINARIA, S.A."
"TXIMELA BERGARA, S.A."
"FERNÁNDEZ LOSA, S.L."
"JOSÉ GARCÍA E HIJOS DE LEPE, S.L."
"SUMINISTROS DE FERRETERIA SOLANO, S.L."
"CERÁMICAS HERMANOS MUIÑOS, S.L."
"MARIANO GARCÍA HERMANOS, S.A."
"NOVELEC INDEL, S.L."
"AZULEJOS Y PAVIMENTOS HINOJOSA, S.L."
"COMERCIAL PUENTE ROMANO, S.L."
"CAJAS DE SEGURIDAD, S.L."
"GYEMO, S.L."
"AKTUA SOLUCIONES FINANCIERAS, S.L."
"CLIFÓN CENTER, S.A."
"TERMONORTE RIOJA, S.A."
"HASI IBÉRICA, S.A."
"ALUMISAN ASISTENCIA, S.L."
"FON ELECTRIC, S.A.U."
"DIERRE HISPÁNICA, S.A.U."
"AIGUA BAIX, S.A."
"INDUSTRIAS QUÍMICAS EUROCOLOR, S.A."
"PREFABRICATS LLEIDA, S.L."
"CAVE QUÍMICA, S.L."
"PINTURAS REINOSA, S.L."
"PINTURAS NKO, S.L."
"BOUTIQUE PAPEL PINTADO, S.L."
"BADACOLOR, S.L."
"BFT GROUP ITALIBÉRICA DE AUTOMATISMOS, S.L."
"ARRONA HERMANOS, S.L."
"IMPORTADORA ANDALUZA DE FONTANERÍA, S.L."
"NICE AUTOMATISMOS ESPAÑA, S.A."
"ALMACENES POVEDA, S.L."
"EMCO SPAIN, S.L.U."
"DISTRIMEL PIRINEOS, S.L."
"ALMACENES NAVARRO Y BLASCO, S.L."
"CIAL. MARIANO JUAN, S.L."
"SUMINISTROS MAEZTU, S.L."
"CONSTRUAGRO, S.A."
"SUMINISTROS Y CALEFACCIÓN 2000, S.L."
"MATERIALES Y TRANSPORTES RUIZ LOPEZ, S.L."
"URKOITIK, S.L."
"MATERIALES DE CONSTRUCCIÓN EL BOTERO, S.L."
"MATERIALES DE CONSTRUCCIÓN JOSÉ MARI, S.L."
"DAVELCO, S.A."
"TUBOS DREN, S.L."
"HORMIGONES SAN FRANCISCO, S.L."
"CALEFACCIÓN Y SANEAMIENTO FERNÁNDEZ-ORO, S.L."
"SANEAMIENTOS MARCELLÁN, S.L."
"GARCIA ESCUDERO, S.A."
"KPS EUMAN, S.L."
"SUGESA, S.L."
"PROGECOVI INMUEBLES E INVERSIONES, S.L."
"CONSTRUCCIONES Y PROMOCIONES RIAZOR, S.L."
"INMOBILIARIA OVIDIO MORO, S.A."
"FOMENTO DEL SURESTE, S.A."
"CASTELLANA DE TUBERÍAS Y ACCESORIOS, S.L."
"MUNO, S.A."
"QUESADA Y QUESADA, S.A."
"SINELEC CAMPOSOL, S.L."
"S. FERNANDEZ E HIJOS, S.A."
LUCAS TRADING S.L.
"POSIÑO, S.L."
ARME - GRUPO
"FERROTORRES, S.L."
"ALMACENES PEDRO VIÑAS, S.L."
"CEMENTOS OZORES, S.L."
"JELOAL, S.A."
"ISMAEL ANDRÉS, S.A."
"PROYCOGA, S.A."
"YESOS ALBI, S.A."
"MILSA TRILLO GALICIA, S.A."
"SÁNCHEZ QUINTANAR, S.L."
"SECOM ILUMINACIÓN, S.L."
"CODISA DE ELECTRICIDAD, S.L."
"ALMACÉN REGIONAL DE MATERIAL ELÉCTRICO ZAMORA, S.L."
"CERÁMICAS DESMON, S.L."
"MOSAICOS LA INDUSTRIAL, S.A."
"B. JÁCOME, S.L."
"FELIPE CES, S.L."
"ALMACÉN DE MATERIALES DE CONSTRUCCIÓN Y FERRETERÍA BAHÍA, S.L."
"CÁNTABRA DE ELECTRICIDAD, S.R.L. (CANTELEC)"
"JOMERO, S.L."
"COMERCIAL FELECHES, S.A.L."
"CENTRO COMERCIAL ARES, S.L."
"CUSHMAN & WAKEFIELD IBERICA ASESORES INMOBILIARIOS INTERNACIONALES, S.A."
"TORNEIRO, S.A."
"CANTALAPIEDRA, S.A."
"DIFUSIONES TECNOLÓGICAS DE MERCADO, S.L."
"PROMOCIONES Y OBRAS GURRIA, S.L."
"VIUDA DE ANASTASIO NORIEGA, S.L."
"IRUDEK 2000, S.L."
"PINTURAS DORALPIN, S.L."
"ASIFER, S.A."
"GRUPO ANTOLÍN SOLUCIONES, S.L."
"BASTOS E HIJOS, S.L."
"ARANZUBIA PRADO, S.L."
"LOS PEPOTES, S.A."
"MATERIALES MANUEL MARTÍN, S.L."
"GRUPO EMPRESARIAL MANUEL DE LA CRUZ, S.L."
"NUDIS CERÁMICOS, S.L."
AGUADO Y FERNÁNDEZ
"TRANSPORTES Y SUMINISTROS DUQUE Y VAQUERO, S.L."
"SANEAMIENTOS DANIEL SEDANO, C.B."
"LEPON PINTURAS, S.L."
"BORGE MATERIALES Y EXCAVACIONES, S.L."
"MATERIALES DE CONSTRUCCIÓN HERMANOS ROJO DÍEZ, S.L."
"SUINSA-4, S.L.L."
HORMIGONES Y CONTENEDORES DE LA JARA 172 S.L. (JARANDILLEJA COMERCIAL)
"MATERIALES DE CONSTRUCCIÓN PÉREZ ACEVEDO, S.L."
"MANUEL ROSALES E HIJOS, S.L."
"OBRAS CIVILES DEL ATLÁNTICO, S.L. (GRUPO OCA)"
"REPUESTOS PANIAGUA, S.A."
"BRICOPINARES BURGOS-SORIA, S.L."
"CERÁMICA ARRIBAS, S.L."
"GENÍS PUJOL, S.A."
"FAL CALZADOS DE SEGURIDAD, S.A."
"ADRISA SIETE, S.L."
FERLUX - GRUPO
"COMERCIAL FERRETERÍA MAXORATA, S.L."
"GRUPO TENEPA, S.L."
"ALMACENES DE LA LOZA, S.A."
"TAU GESTIÓN DE COOPERATIVAS, S.L."
"FONTCALSUR, S.L."
"GIBELLER 1924, S.L."
"FREYSSINET, S.A."
"MATERIALES DE CONSTRUCCIÓN ONDA, S.L."
"HIJOS DE JOSE BUSQUIER, S.L."
"PINTURAS MÁLAGA SOL, S.L."
"JUAN LUIS HUEDO, S.L."
"FORJADO CERÁMICO Y MATERIAL DE CONSTRUCCIÓN, S.L."
"DISTRIBUCIÓN FERRETERÍA MAQUINARIA Y PINTURAS, S.A. (DISFER)"
"NICANOR MATEU, S.L."
"CERAMICAS OCHOA, S.L."
"COMPAÑIA DE EFICIENCIA Y SERVICIOS INTEGRALES, S.L. (EFFICO)"
"GESCOVIVIENDAS, S.L."
"CENTRO COMERCIAL RODRÍGUEZ, S.L."
"DECORACIONES ISLEÑAS, S.A."
"HIPOPOTAMO EUROPA, S.L."
"FRANK KEERL, S.A."
"BERNAT PETRUS, S.L."
"FERRETERÍA IRIGARAY, S.L."
"SAIGA APLICACIONS HIDRAULIQUES, S.L."
"VALQUI, S.A."
"FORMIGONS GIRONA, S.A."
"CERAMICAS YECLA, S.A."
"ELECTRO MURCIA, S.A."
"BEARZUN, S.A."
"EMPRESA MUNICIPAL DE LA VIVIENDA Y SUELO DE MADRID, S.A."
"ARGILA, S.A."
"BRESCO Y BLASI, S.A."
"LA ELÉCTRICA DE TERRASSA, S.A."
"PUIGFEL, S.A."
"GIRONELLA, S.A."
"CARMONA E HIJOS, S.A."
"J. RIERA MAGATZEN CONSTRUCCIÓ, S.L."
"MATERIALES CONSAN, S.A."
"GRAU LUMINOTECNIA, S.A."
"GESTORA VERTICE DE INVERSIONES, S.L."
"BECA INMOBILIARIA, S.A."
"IBERICA DE MADERAS Y AGLOMERADOS, S.A."
"POLSANDO, S.L."
"SANAZUL, S.L."
"AZULEJOS CHACÓN, S.L."
"SANEAMIENTOS ONDARROA, S.L."
"COMERCIAL MALAGUEÑA DE AZULEJOS, S.L."
"FRANCISCO SANCHEZ MEJÍAS, S.L."
"JUAN PRIETO E HIJOS, S.L."
"IGARTUA, S.L."
"URBIL ETXEGINTZAKO MATERIALAK, S.L."
"AZULEJOS DEL VADO, S.L."
"AZULEJOS Y PAVIMENTOS PEGALAJAR MORAL, S.L."
"AMORÓS E HIJOS, S.L."
"GRES DENIA, S.L."
"CONSTRUCCION MODERNA, S.L."
"GRES BABILONI, S.L."
"ALMACÉN F. MARTÍN, S.L."
"TRESENS E HIJOS, S.A."
"MATELECSA, S.A."
"MATERIALS HOMS, S.A."
"ANTONI PONT, S.L."
"V. CERDÁN, S.L."
"COFRELEC GRANOLLERS, S.L."
"WACKER QUÍMICA IBÉRICA, S.A."
"NORD ARBONA, S.L."
"HERBELCA, S.L."
"TERRAZOS CAMPANILLAS, S.L."
"MATERIALS DOMENJÓ, S.A."
"MATERIALS ALT URGELL, S.L."
"AZULEJOS MILLADOIRO, S.L."
"CONSERV. APARATOS ELEVADORES EXPRESS, S.L."
"ETXEGINTZAKO MATERIALAK APAIN, S.L."
"MATERIALES DE CONSTRUCCIÓN EXPOCANAL, S.L."
"MUGABURU, S.L."
"COPCISA PROMO, S.L. - GRUPO"
"COMERCIAL ORBEL, S.A."
"QUÍMICAS MENDIETA, S.L."
"MATERIAL ELÉCTRICO GUERRA, S.A."
"MATERIALES DE CONSTRUCCIÓN ZOMI, S.L."
"MATERIALES DE CONSTRUCCIÓN JUAN GARCIA, S.L."
"MATERIALS PER LA CONSTRUCCIO MJB, S.L."
"CERAMICAS ALCASA, S.L."
"FABRISOLIA, S.L."
"ÁRIDOS LA HERRADURA, S.L."
"ALIAZUL, S.L."
"JOSE GUARNER, S.L."
"CONSTRUCTORA PALMACAN, S.L."
"GERSAL, S.A."
"SULIAR, S.A."
"JERONIMO GOMEZ MONTIEL, S.L."
"RELACIONS ELECTRIQUES, S.A."
"RODRÍGUEZ ALMENDROS, S.L."
"ANTONIO CANTALEJO, S.A."
"MASGUAIT, S.L."
"MADERAS SANTANA, S.L."
"TORVISCO ZONA CENTRO, S.L."
"AÑOS LUZ ILUMINACIÓN DE VANGUARDIA, S.L."
"HIERROS FUERTEVENTURA, S.A."
"MORTEROS BIZKOR, S.L."
"COSME HERREROS E HIJOS, S.L."
"COMERCIAL ELÉCTRICA COELECTRIC, S.L."
"CERBEL SUMINISTROS, S.L."
"PAVIMUR, S.L."
"ELOLA, S.L."
"MANUEL ROSSI E HIJOS, S.L."
"RIPERFER, S.L."
"DISTRIBUCIONES ELÉCTRICAS GENERALES MOTRILEÑAS, S.L."
"CECILIO ALONSO, S.L."
"SUMINISTROS Y CONSTRUCCIONES SUSAVI, S.L."
"JOSE MARIA CAMACHO DIAZ, S.L."
"SANEAMIENTOS PARRA TUDELA, S.L."
"MADERAS FRUTOS RELAÑO, S.A."
"ALMUD, S.L."
"ENRIQUE AGUIRRE, S.L."
"BADALONA GRES, S.L."
"PAVIMENTOS LOYMAR, S.L."
"HERMANOS IBAÑEZ, S.L."
"J.MAINE COTO, S.L."
"COMERCIAL LLAURADÓ, S.A."
"GESTIO I SERVEIS TRADE CENTER, S.A."
"BRENDLE METALQUÍMICA, S.A."
"HERMANOS GÁLVEZ, S.A."
"PIVITA, S.A."
"ALMACENES ELÉCTRICOS BADALONA, S.A."
"ALMACÉN DE MATERIALES DE CONSTRUCCIÓN HNOS. LÓPEZ, S.L."
"MATERIALES DE CONSTRUCCION LA TOMA, S.L."
"SUMELGRA MEDIA TENSIÓN, S.L."
"ENERGEMA MENORCA, S.A. (EMSA MENORCA)"
"TUYSER, S.A."
"SALTOKI ARABA, S.A."
"ELECTRO INDUSTRIAL PALMA GESTIÓN, S.L."
"SPLITMANIA MURCIA, S.L."
"TECNICAL ANOIA, S.A."
"AZULEJOS ALBAMAR, S.L."
"MATERIALES DE CONSTRUCCIÓN ARNAL, S.A."
"JUSANCH, S.L."
"LLANES, S.A. DE CONSTRUCCIONES"
"GESTIÓN DE ACTIVOS CASTELLANA 40, S.L."
"EXCAVACIONS VILA VILA, S.A."
"EUROELÉCTRICAS CÓNDOR, S.L."
"CONSTRUCCIONES Y AISLAMIENTOS JUDAS, S.L."
"GARCÍA ZACARÉS, S.L."
"CRUZ Y ORTIZ ARQUITECTOS, S.L."
"POLVERO JEROMA, S.L."
"GAZELEY ESPAÑA, S.L."
"COMERCIAL RIBERA LAMEIRO, S.L."
"COMERCIAL VALMON, S.A."
"ALFA 90 GESTIÓN E INVERSIÓN, S.L."
"TALLERES MECANICOS LERA, S.A."
"COMERCIAL DEL BAGES RIVERO, S.L."
"R5R PROMOCIONS, S.L."
"DICTAMENES EMPRESARIALES, S.A."
"INMOBILIARIA ORIO TXOKO TXIKI, S.L."
"MARCIAL GONZÁLEZ E HIJOS, S.L."
"ESCAYOLAS DEL SEGURA, S.L."
"BIGMAT MORENO COMERCIAL, S.L."
"SUBMINISTRAMENTS ELECTRICS I SANITARIS ABC NÀPOLS, S.L."
"SANEAMIENTOS MONTEJICAR, S.L."
"GALDAKCER, S.A."
"LLOGUER DE MAQUINARIA PONS DE VALL, S.L."
"INDUSTRIAS QUÍMICAS TALAVERA, S.L."
"PREFABRICADOS DUERO, S.L."
"FERRETERÍA RECA, S.L."
"PROES CONSULTORES, S.A."
"DESARROLLOS Y PROYECTOS POLO, S.L."
"ESTUDIO SERTA ARQUITECTOS, S.L."
"ELECTROTESLA ALICANTE, S.A."
"BRICOSANABRIA, S.L."
"CAZOSALPE, S.L."
"AZULEJOS Y PAVIMENTOS ANDÚJAR, S.L."
"MATERIALES DE CONSTRUCCIÓN ROMERO E HIJOS, S.C.P."
"ALUGOM TORREJÓN, S.L."
"AZULEJOS VICAR, S.L."
"ALFRIGO PROYECTOS Y REPRESENTACIONES, S.L."
"KORUS SUMINISTROS ELÉCTRICOS, S.A."
"SISTEMAS TIEMME, S.L."
"ESTEL IBERICA, S.A."
"ALDES VENTICONTROL, S.A."
"TORRES SANMIQUEL PINTURES, S.A."
"GRICO, S.L."
"HERZOG & DE MEURON, S.L."
"SUNPOWER ENERGY SYSTEMS SPAIN, S.L."
"JAULÍN PREFABRICADOS Y CONSTRUCCIONES, S.L."
"SUMINISTROS ELÉCTRICOS GARCÓN, S.A."
"PIRINENCA SERVEI ELECTRIC, S.L."
"EDDEA ARQUITECTURA Y URBANISMO, S.L. - GRUPO"
"INSTALACIONES DE CALA DE LUZ, S.L."
"SPLITMANIA SEVILLA PISA, S.L."
"MATERIALS PER A LA CONSTRUCCIÓ CAN PALLAS, S.L."
"EUROPEA DE MATERIALS EURO MAT, S.L."
"COMPAÑÍA DE LAMINACIONES SINTÉTICAS SINTEC, S.L."
"ELECTROSTEEL EUROPE, S.A., SUCURSAL EN ESPAÑA"
"MATERIALS CUSCÓ, S.L."
"LA COMERCIAL CERAMISTA GAYA HERMANOS, S.A."
"MATERIALS DE CONSTRUCCIÓ GRA DE FAJOL, S.L."
"MATERIALS I TRANSPORTS COLL, S.L."
"LOMAQ MAQUINARIA, S.L."
"SESAELEC LLEIDA, S.A."
"GERCO ARAGÓN, S.L."
"BRICOLAFER, S.L."
"CHICLACER, S.A. (DISACER)"
"SALTOKI CORNELLA, S.A."
"SINOSMAR, S.L."
"CRILOSA, S.A."
"ALBERTO TORT, S.L."
"COMERCIAL SANTA CILIA, S.L."
"MATERIALES Y TRANSPORTES ESPORLAS, S.L."
"JUPE MATERIALS DE CONSTRUCCIÓ, S.L."
"JUAN CASAÑ E HIJOS, S.L."
"QUÍMICA MERIDIONAL, S.A."
"SINDUCOR, S.A."
"ALDIMOSA DISTRIBUCIÓN, S.L."
"TORVISCO LEVANTE, S.L."
"ARJUSA GESTIÓN INMOBILIARIA, S.L."
"J. DELGADO DÍAZ, S.L."
"SUMIONUBA, S.L."
"PINTURAS JOMIPINT, S.L."
"LOIU MATERIALES DE CONSTRUCCIÓN, S.L."
"ESPINOSA AZULEJOS Y MATERIAL DE CONSTRUCCIÓN, S.L."
"HERMANOS PEÑALVER PUERMA, S.L."
"SUBMINISTRES SANT JORDI, S.L."
"LA INSTALADORA DE SISTEMAS Y AISLAMIENTOS, S.L."
CENABASE S.L.
"MATERIALS CASA ARIMANY, S.L."
"PINCASA, S.L."
"GRÚAS RAIMUNDO, S.L."
"MATERIALES DE CONSTRUCCIÓN LA ESCUCHA, S.L."
"MATERIALES RODRÍGUEZ Y MILLÁN, S.L."
"ABEIRAR 2005, S.L."
"NOVELEC CARRION, S.L."
"NOVELEC RIONAVAR, S.L."
"COMERCIAL ANTONIO BARREDA, S.L."
"NOVELEC EGARA, S.L."
"NOVELEC HELMÁNTICO, S.L."
"NOVELEC BERNESGA, S.L."
"SINELEC EBRE, S.L."
"NOVELEC RIAS BAIXAS, S.L."
"COMERCIAL DISBANY 1965, S.L."
"FERRETERÍA DROGUERÍA EL MOTOR II, S.L."
"MAGATZEM SES FORQUES, S.L."
"NOVELEC FORUM, S.L."
"AGRICAMPO VARO 2005, S.L."
"TRAUXIA, S.A."
"CRONUS INDUSTRIAL, S.A."
"SUMINISTROS ELÉCTRICOS BAT, S.A."
"MATERIALS CAMP VELL, S.L."
"FERRETERÍA DÚRCAL, S.L."
"MATERIALES SENTANO, S.L."
"MATERIALS DE CONSTRUCCIÓ TONI LLULL, S.L."
"ROVIA SUMINISTROS ELÉCTRICOS, S.L."
"PEDRO CHOZAS, S.L."
"CONSTRUCCIONES LA VÍA DE BLANCA, S.L."
"M.C. FRANCISCO CRUZ MELERO Y OTRA, CB"
"FERRETERÍA FUSTER, S.L."
"TECNICAL DEL VALLÈS, S.L."
"FERRETERIA SAYEZ, S.C.P."
"FONTAELECTRIC TELLO, S.L."
"FERRETERÍA SAN CARLOS, C.B."
"SUMINISTRES INDUSTRIALS DAG, S.A."
"GIMENO SUMINISTROS INDUSTRIALES, S.A."
"FERRETERIA POSTIGO, S.L."
"AEROPUERTOS OBRA CIVIL, S.A."
"PUERTAS SANCAS, S.L."
"TRANSPORTES Y MATERIALES GARCÍA E HIJOS, S.L."
"NEW MATELSA, S.L."
"ALMACENES BARCHAFE, S.L."
"COMERCIAL JOSÉ BARRAGÁN, S.L."
"FERRETERÍA EL MARTILLO, S.L."
"CABANERO, S.L."
"SUMINISTROS INDUSTRIALES TODOMADERA, S.L."
"MAVICER EUROPE, S.L."
"AGROQUÍMICOS BORREGO, S.L."
"ALMACÉN Y SUMINISTROS PARA LA INDUSTRIA Y AUTOMOCIÓN, S.L."
"BRICO-MADERAS ALCAIDE, S.L."
"MATERIALES PARA LA CONSTRUCCIÓN LORENTE, S.L."
"MONSOLAR INGENIERÍA, S.L."
"ESTABLECIMIENTOS J. SÁNCHEZ CANTORNA, S.L."
"SCHLÜTER-SYSTEMS, S.L."
"SUMINISTROS FRIGORÍFICOS JOR FI, S.L."
"MATERIALS MIQUEL BAIX EMPORDA, S.L."
"CONSTRUCCIONES LASUEN, S.A."
"CONSTRUCCIONES PONTE AROSA, S.A."
"DURANTIA INFRAESTRUCTURAS, S.A."
"LANZAGRAVA, S.L."
"BERALMAR TECNOLOGIC, S.A."
"COMPAÑÍA INTERNACIONAL CONSTRUCCIÓN Y DISEÑO, S.A. (CONDISA)"
"METACENTRO CONSTRUCCIONES, S.L."
"GESTASER OBRAS Y SERVICIOS, S.L."
"SANEXABIA SANEAMIENTOS, S.L."
"FERRETERÍA CANAIMA, S.L."
"JUPEBA, S.L."
"GUILLEN INDUSTRIAS DE LA MADERA, S.A."
"SELMACON 2006, S.L."
"ORTEGA SOLDADURA, S.L."
"COMERCIAL BASTOS, S.L."
"HIDROFIL HIDRÁULICA Y SUMINISTROS, S.L."
"CONTRATAS ABAMIA, S.A."
"INSTALACIONES ELECTRICAS CAT, S.A."
"IGNACIO MANZANARES, S.L."
"INFRAESTRUCTURAS CONELSAN, S.A."
"PROMOCIONES CENTROS Y PARQUES RESIDENCIALES, S.A."
"SPLITMANIA TOLEDO, S.L."
"BIGMAT CAYUELA, S.L."
"SERAFÍN TURÉGANO SUMINISTROS DE CLIMATIZACIÓN, S.L."
"MATERIALES DE CONSTRUCCIÓN PEPE, S.L."
"FERASTUR, S.L."
"SANEAMIENTOS MARÍN, S.A."
"ESTABLECIMIENTOS ARDEIRO, S.L."
"MATERIALES ELÉCTRICOS AL POR MAYOR, S.L. (MAPRISE)"
"CONSTRUCCIONES Y OBRAS PUBLICAS DEL GUADIANA, S.A."
"CONSTRUCCIONES ODEÓN, S.A."
"T.C. LA INDUSTRIAL DE PINTURAS, S.L."
"AMBAR IMMOBILIARIA 2014, S.L."
"MELQUIADES & SANTOS GARCIA E HIJOS, S.L."
"SUELNOR, S.L."
"ORBE TELECOMUNICACIONES, S.L."
"MADERAS SIFER, S.A."
"EXPINMOBEL, S.A."
"WENCESLAO GARCÍA PINTURA Y DECORACIÓN, S.A."
"VIS, S.A."
"PROMOTORA PUNTA LARGA, S.A."
"MATERIALES CEBRIÁN, S.L."
"CONSTRUCCIONES J. LORENZO, S.L."
"SUMELCA, S.A."
"HERMANOS ROBLEDO HERNÁNDEZ, S.L."
"CONSTRUCCIONES MANUEL SÁNCHEZ, S.A."
"RESIDENCIAS DE ESTUDIANTES, S.A. (RESA)"
"CERVIGLAS, S.L."
"FRANCISCO SOBRADO VILLARINO E HIJOS, S.L."
"CONSTRUCCIONES LASOR, S.L."
"MATERIALES DE CONSTRUCCIÓN ESPIÑEIRO, S.L."
"INCOELEC JAEN, S.L."
"BELLAPART, S.A."
"ANIBAL-REYMA, S.L."
"SANEAMIENTOS RIGA, S.L."
"ROCACERO COMERCIAL, S.L."
"CORRALO, S.L."
"AUTOSERVICIO RODRÍGUEZ, S.L."
"PROMOCIONES GAVAIR, S.L."
"LANNEMAN, S.L."
"ALMACENES ACERO, S.A."
"MATERIAL DE CONSTRUCCION EL MUNDO, S.L."
"FABRI MATERIALES DE CONSTRUCCIÓN, S.L."
"SUMINISTROS ELÉCTRICOS ELECTROFAR, S.L."
"HERMANOS DÍEZ MARTÍN, S.L."
"JOSÉ VILLAVERDE, S.A."
"INTERIORES DIGAR, S.L."
"HIJOS DE VÍCTOR PASTOR, S.L."
"CORPLAMA, S.L.L."
"CASOR 2, S.L."
"CARRILLO ATOGAS, S.L."
"SUELBA GRUP, S.L."
"MATERIALES DE CONSTRUCCIÓN Y TRANSPORTES CÁNDIDO PARRO E HIJOS, S.L."
"MATERIALES DE CONSTRUCCIÓN LLORENTE LA ESPERANZA, S.L"
"J. ESTURAO GARCÍA, S.L."
"AZUMARA, S.L."
"ALMACENES ELECTRO SALAMANCA, S.L."
"JULMATIC AUTOMATISMOS, S.L."
"ELEGANCE DECORACIONES, S.L."
"UNI-HER, S.L.U."
"DISTRIBUIDORA ASTURIANA DE ACCESORIOS DE ALUMINIO, S.L."
"NORSOL ELÉCTRICA, S.L."
"CEMENTO Y CERÁMICA, S.A."
"BERNABEU Y ESTEVAN, S.L."
"EUROPLATAFORMAS 2000, S.A."
"SUMINISTROS HERMANOS BILLETE, S.L."
"SUMINISTROS INDUSTRIALES MAYORAL, S.L."
"ARTÍCULOS ELÉCTRICOS, S.L."
"IMERYS KILN FURNITURE ESPAÑA, S.A."
"FARGA MARTI, S.L."
"PROQUICESA, PRODUCTOS QUÍMICOS PARA EL CEMENTO, S.L."
"ELABORADOS Y FABRICADOS GAMIZ, S.A."
"SUMINISTROS INDUSTRIALES COMARCA OSONA, S.L. (SICOSA)"
"ROALEX SANEHOGAR, S.L."
"ALWAZGARY, S.L.  - SUMINISTROS GARY"
"ANDALUZA DE OBRAS Y MINERÍA, S.A."
"RECÓN RESTAURACIONES Y CONSTRUCCIONES, S.L."
"ALMACENES ANLOMA 2, S.L."
"BOLSA DE AGUAS DE LA PALMA, S.A."
"VIRU P PURSNANEY, S.A."
"SEGOPI CENTRO, S.L."
"PRODUCTOS PINTURAS TARRAGONA 2000, S.L. (POTS PINTURES)"
"LOBER HOMEDECOR STORES, S.L."
"BAAS JORDI BADIA, S.L."
"ILMEX, S.A."
"ALUGOM BARCELONA, S.L."
"ABESAN, S.L."
"RECORD PUERTAS AUTOMÁTICAS, S.A."
"DÍAZ MELGARES, S.L."
"AZATA PATRIMONIO, S.L."
"TU BRICO-MARIAN, S.L."
"ALMACENES REVILLA, S.L."
"ARRACE 2, S.A."
"CARPINTERÍA LLODIANA, S.A."
"CAAMAÑO SOLUCIONES, S.L."
"SUMAC DISTRIBUCIONES METALÚRGICAS, S.L."
"ISABEL VEGA, S.L."
"CENTRAL DE REPRESENTACIONES CANARIAS, S.L."
"INNDECO 2010, S.L."
"C ESGON, S.L."
"FAMARA SUMINISTROS DE FONTANERIA, S.L."
"MARTINEZ SARALEGUI, S.L."
"PUERTO TRIANA, S.A."
"PINTURAS COLAMINA, S.L."
"MALLORQUÍMICA, S.A."
"MONTAJE INDUSTRIAL ELÉCTRICO MARÍN, S.L."
"HULOMA, S.A."
"FERRETERIA ESIN, S.A."
"ANTONIO MILÁN, S.A."
"SUBMINISTRAMENTS INDUSTRIALS MARCO, S.L."
"CERÁMICAS ARCIS, S.L."
"PARQUE MALAGA, S.L."
"JESÚS RIVERA PROVEEDORA DE LA CONSTRUCCIÓN, S.A."
"MARIANO RICO, S.L."
"HIJOS DE C.V. OTERO, S.A."
"HIERROS DÍAZ, S.A."
"CASA LUZ, S.L."
"DALPES, S.A."
"FERRETERÍA MORALA, S.L."
"ALMACENES RODRÍGUEZ, S.L."
"CAMACHO ASTURIAS, S.L."
"TERRAZOS PUENTE, S.A."
"AGUSTIN TEJEDA, S.A."
"AISLUX CASTILLA Y LEÓN, S.A."
"EUSEBIO RAMOS BEJARANO, S.L."
"FERCALUGO, S.L."
"BERZAL BRICOMADERAS, S.L."
"SUMINISTROS ELÉCTRICOS MORALES, S.A."
"VENTILACIONES SAVA, S.L."
"TALLERES TORNEIRO, S.A."
"COMERCIAL DURMA, S.L."
"SUMINISTROS VILABOA, S.L."
"GRÚAS EUGENIO, S.L."
"METÁLICAS MAGUISA, S.L."
"CALOR COLOR, S.L."
"MARTIN VEGA MAQUINARIA, S.A."
"GALIMETAL, S.A."
"AZULEJOS Y PAVIMENTOS ANTERO AYBAR, S.L."
"AZULEJOS DELGADO, S.A."
"ELECTRICIDAD BIMCA, S.L."
"CASTELLANA DE CEMENTOS, S.L."
"ALMACENES AREEIROS, S.L."
"COMERCIAL DE CALEFACCIÓN Y SANITARIOS, S.L."
"RIU, S.A."
"EVARISTO HERNÁNDEZ, S.L."
"VICENTE DE LOS RIOS, S.A."
"SUMINISTROS LA RONDA, S.L."
"BANDASECA, S.L."
"COMERCIALIZACIÓN MATERIAL ELÉCTRICO EXTREMEÑO, S.L."
"INMOBILIARIA RIO ARLANZÓN, S.L."
"MATERIALES DE CONSTRUCCIÓN NAVAS MOLINERO, S.L."
"CONSTRUCCIONES BOLAÑOS LOZANO, S.L."
"NOSA REAL ESTATE XXV, S.L."
"HERMANOS CARRETERO, S.L."
"DECORACIONES ESCAYOLAS GUADALAJARA, S.A."
"MACÍAS BARRENA HERMANOS, S.A."
"ALMACENES BASILIO CRIADO, S.L."
"BY TECHDESIGN, S.L."
"FERRETERÍA Y MATERIALES ÁLVAREZ, S.A."
"CANTABRIA COPROVEN CLIMATIZACIÓN, S.L."
"PREDIO 10, S.A."
"MATERIALES DE CONSTRUCCIÓN JAYCAR, S.L."
"MATERIALES DE CONSTRUCCIÓN, TRANSPORTE Y GRÚAS CARRASCOSA SÁNCHEZ, S.L."
"CHINT ELECTRICS, S.L."
"M.S. SCREWS, S.L."
"FERRETERÍA MAQUINARIA Y GAS, S.L. (FEMAGAS)"
"MOTACUER, S.L.L."
"SUMINISTROS SOBREIRA CHANTADA, S.L."
"TÉCNICA Y TRANSMISIONES DE ILLESCAS, S.L."
"ZAMATEL 2006, S.R.L."
"FERRETERÍA ROCES BELÓN, S.L."
"FERRETERIA TARANCÓN, S.L."
"FERRETERIA MARCOS, S.C."
"FERRETERÍA PORTELA, S.L."
"FERRETERÍA CRESPO, S.L."
"SUMINISTROS PUNTO FIJO, S.L."
"HERMANOS BARRENA VELARDE, S.L."
"MATERIALES DE CONSTRUCCIÓN DEL AMO, S.L."
"SUMINISTROS INDUSTRIALES LA FLORESTA, S.A."
"ALMACENES DE CONSTRUCCIÓN JOSÉ MARÍA IGLESIAS, S.L."
"MATERIALES DE CONSTRUCCIÓN ORGAZ, S.L."
"FERGRES, S.L."
"DYRECTO DESARROLLO Y REALIZACIÓN DE PROYECTOS, S.L."
"EURO SUR DE SANLÚCAR, S.L."
"MUÑOZ ROLDÁN E HIJOS, S.L."
"PROIN PINILLA, S.L."
"POSCAM GESTIÓN INMOBILIARIA, S.L."
"PLASTICS CASTELLS, S.A."
"IBERDROLA INGENIERÍA Y CONSTRUCCIÓN, S.A. - DIVISIÓN RENOVABLES"
SABADELL REAL ESTATE DEVELOPMENT - GRUPO SOLVIA
"IBEMAQ, S.A."
"SOSA GUTIÉRREZ, S.L."
SACRESA - GRUPO
"CARPINTERÍA Y BRICOLAGE FIL, S.L."
"MATERIALES DE CONSTRUCCIÓN MERINO CABEZAS, S.L."
"SANEAMIENTO MARTINEZ, S.L."
"CRISTALES Y PERSIANAS LÓPEZ, S.L."
"HIDRORIOL, S.L."
"TRANSPORTES L.BENITO, S.L."
"GABRIEL RAMOS E HIJOS, S.L."
"ALQUILERES LUNA, S.L."
"PREFABRICADOS Y MATERIALES OLIVARES, S.A."
"MATERIALS AMIGÓ, S.A."
"MAQUINARIA HOSTELERÍA INDUSTRIAL, S.L. (MAHI)"
"URBANIA INTERNATIONAL INVESTMENTS, S.L."
"PISCIS CONSTRUCTORA PROMOTORA, S.A."
"INMOGOLF, S.L."
"TRACK ESTRATEGIAS PARA EL SECTOR ALIMENTARIO, S.A."
"PINTURAS ANDRÉS VALERO, S.L."
"QUIMILOCK, S.A."
"GOIPE HUELVA, S.L."
"ESTABLECIMIENTOS AGUILAR, S.A."
"CORAL, S.A."
"JULMO, S.A."
"DANOBAT, SDAD. COOP."
"ELECTRICAS MANRESA, S.A."
"P.P. FERNANDEZ, S.A."
"ACP LEVEL, S.L."
"VIVES MARÍN, S.A."
"COMERCIAL BEYSER, S.L."
"ARKEMA QUÍMICA, S.A.U."
"EXCAVACIONES CANTÁBRICAS, S.A."
"UNDEFASA, S.A."
"CONSTRUCCIONES TELLECHEA, S.A."
"FORJADOS SANTA COMBA, S.L."
"CONSTRUCCIONES BALDO, S.A."
"RIOJANA PREFABRICADOS HORMIGON, S.L. (RIPHORSA)"
"CIMENTACIONES ABANDO, S.A."
"TEODORO DEL BARRIO, S.A."
"EMIPESA, S.A."
"ROMESUR, S.A."
"CONTRATOS Y DISEÑOS INDUSTRIALES, S.A."
"SEGURA E HIJOS, S.A."
"FERRETERÍA ANSERJO, S.A."
"BPV SUMINISTROS ELÉCTRICOS, S.A."
"HERMANOS LLEDO, S.L."
"ANTONIO MIRANDA, S.A."
"SUMINISTROS URRUTIA, S.A."
"SUMELZO, S.A."
"COMERCIAL DE SUMINISTROS IBERIA, S.A."
"COMERCIAL MAESTRO CANET, S.A."
"GRAU MAQUINARIA I SERVEI INTEGRAL, S.A."
"APARELLAJE Y MAQUINARIA ELÉCTRICA, S.A."
"CONDUC-VENT, S.A."
"COMERCIAL NAVARRA INSTRUMENTACIÓN, S.A. (CONINSA)"
"MACHILAN, S.L."
"SUMINISTROS JON, S.L."
"MANUEL VEGA CRUZ, S.L."
"LORENTE ALBACETE E HIJOS, S.L."
"INSTALACIONES ELÉCTRICAS VICENTE GUASCH Y CARDONA, S.A."
"AZULEJOS EL CRUCE, S.L."
"FERRETERIA SALVIA, S.L."
"ÁVILA BOSCH, S.L."
"TORRES ITURREGUI, S.L."
"CERRAMIENTOS INDUSTRIALES LOS PEDROCHES, S.L."
"BLOQUES JALÓN, S.L."
"COCIRONDAS, S.L."
"ALMACENES EMILIO MUÑOZ, S.L."
"ALMACENES LOZAGO, S.L."
"SUMINISTROS INDUSTRIALES ALAGARDA, S.L."
"SANEAMIENTOS ORTS, S.L."
"ISMAEL NATIVIDAD ALPUENTE, S.L."
"ELS PANCHORRINS, S.L."
"MATERIALS PER A LA CONSTRUCCIÓ CREUS, S.L."
"ANAZUL, S.L."
"MATERIALES DE CONSTRUCCIÓN HERMANOS JIMENA, S.L."
"MATERIALES DE CONSTRUCCION JOSE ROSA, S.L."
"SUMINISTROS ELÉCTRICOS MEGA, S.L."
"URBANIZADORA CALVIA, S.A."
"EXCLUSIVAS MV, S.L."
"OZAR, S.L."
"FERRETERÍA ROYMAR, S.L."
"ÁNGEL DE ORO, S.L."
"MONTHISA DESARROLLOS INMOBILIARIOS, S.A."
"UTILES Y MAQUINAS PARA LA CONSTRUCCION (UMACON), S.A."
"GRAMEPARK, S.A."
"MATERIAL DE CONSTRUCCIONES MENDITXURI, S.L."
"MATSUR, S.L."
"AISLUX CENTRO, S.A."
"AISLUX NORTE, S.A."
"COMERCIAL REYMAVIC, S.A."
"HORTA DE COCINAS, S.L."
"POLIDUX, S.A."
"T C TODO CONSTRUCCIÓN, S.L."
"TRANSPORTS I MATERIALS OLIVERAS, S.L."
"JUMISA REVESTIMIENTOS, S.L."
"MATERIALES DE CONSTRUCCION ROMESUR, S.L."
"LEONÉS MATERIALES DE CONSTRUCCIÓN, S.L."
"MATERIALS QUINTANA, S.A."
"ADITIVOS CERÁMICOS, S.L."
"GALSA GENERAL DE ALUMINIOS, S.A."
"MATERIALES LA BARQUETA, S.L."
"HIERROS DEL NOROESTE, S.L."
"COEVA GIRONA, S.A."
"MADEL AIR TECHNICAL DIFFUSION, S.A."
"KALDEWEI ESPAÑA, S.L."
"SUMINISTROS DE LA CONSTRUCCIÓN HERNÁNDEZ, S.L."
"BERDIN BARCELONA, S.L."
"SUMINISTROS COPLASA, S.L."
"SUMINISTROS CARRERA, S.L."
"SOLUCIONS I GESTIO D’HABITATGES, S.L."
"EMILI MACIA OLLER, S.L."
"COMERCIAL BONILLA, S.A."
"TRANLUZ, S.L."
"ELECTRISOL CANARIAS, S.L."
"SANEAMIENTOS FERRER, S.L."
"PREFABRICADOS IBAFERSAN, S.L."
"SANEAMIENTOS LEMA, S.L."
"SUMINISTROS SANTA PERPETUA, S.L."
"ENRIC ROS, S.A."
"GABRIEL EL TRINI, S.L."
"JAÉN MATERIAL ELÉCTRICO, S.L."
"MATERIALES Y CONSTRUCCIONES EL AMABLE, S.L."
"RAFAEL MOLINS E HIJAS, S.L."
"SUMINISTROS NOVOSAN, S.L."
"SUCONSPA, S.A."
"SANEAMIENTOS BRIME, S.L."
"MEDINA TORRES, S.L."
"SUMINISTROS DE PINTURAS JUAN CARLOS JIMÉNEZ, S.L."
"ONULEC, S.L."
"BERGES CENTRO COMERCIAL, S.A."
"COMPONENTS BASICS MANRESA, S.L."
"COMERCIAL FUELANZA, S.L."
"FARRERAS NADAL, S.A."
"MATERIALS CONFORT, S.L."
"AGUSTIN RODRÍGUEZ FERNÁNDEZ, S.L."
"PESANMI, S.L."
"COTAIN, S.A."
"OLLER COMERCIAL PINTURES DEL VALLÈS, S.L."
"MATERIALES DE CONSTRUCCIÓN LA UNIÓN, S.L."
"MATERIALES DE CONSTRUCCIÓN ARREGUI, S.L."
"KINGSPAN SUELO TÉCNICO, S.L."
"GRUP C.S.T. & BATMAR, S.L."
"ARQUESUR PREFABRICADOS, S.L."
"PREFABRICADOS Y MATERIALES BRICAS, S.L."
"IFOSAN, S.L."
"BROTONS E HIJO, S.L."
"PAVIMENTOS Y HORMIGONES CARRERAS, S.A."
"COMPAÑÍA EUROPEA DE FINANZAS, S.A. (CEFSA)"
"SPLITMANIA VALENCIA, S.L."
"MATERIALES DE CONSTRUCCIÓN HNOS CAMAS PÉREZ, S.L."
"SALTOKI TUDELA, S.A."
"MATERIALS MANGRANÉ, S.A."
"MONTERO ALQUILER, S.A."
"SUMINISTROS ELÉCTRICOS ABC CASTELLDEFELS, S.L."
"JANFER SUMINISTROS PARA INDUSTRIA, S.L."
"MONTALBAN ARTÍCULOS PARA DECORACIÓN, S.L."
"PORCELANAS Y PAVIMENTOS CANARIOS, S.L."
"INDRA SISTEMAS DE SEGURIDAD, S.A."
"MIGUEL MUÑOZ OLIVARES, S.L."
"FERRETE, S.A."
"EUROFON, S.L."
"BRICO CENTRO EXTREMEÑO, S.L."
"ACTIO PROJECT MANAGEMENT & ENGINEERING, S.L."
"MARBRES PALMA, S.A. (MARPASA)"
"SUMINISTROS BIGMAT, S.L."
"GRUAS GIL CADIZ, S.L."
"HUNTSMAN ADVANCED MATERIALS SPAIN, S.L."
"SUMINISTROS ROQUETES, S.L."
"TERMICOL ENERGÍA SOLAR, S.L."
"PINT.AYA, S.L."
"GRUPO INMOBILIARIO TREMÓN, S.A."
"SUMINISTROS ELÉCTRICOS SECORSA LINARES, S.L."
"SUMINISTROS DE FONTANERÍA DE CASTELLÓN, S.L."
"FERNANDO SALMERÓN, S.L."
"ALUGOM ALICANTE, S.L."
"FERRETERÍA LÓPEZ FERNÁNDEZ, S.L."
"EURO ÉLITE DECORACIÓN, S.L."
"PEDRO LÓPEZ MARTOS, S.L."
"BRICO PRACTIC, S.L."
"CERÁMICA Y CONSTRUCCIÓN JOCAR, S.L."
"COHISE TERRASSA, S.L."
SUMINISTROS ELÉCTRICOS JARAMA FUENLABRADA S.L.
"GESTIÓN Y CONTROL DE SERVICIOS ABASTECIMIENTO DE AGUA, S.L. (GECONSAA)"
"MATERIALES CONSTRUCCIÓN FRANCISCO J. GIMÉNEZ, S.L."
"GRUPO PEREA MORANTE, S.L."
MOYDE - GRUPO
"SUMINISTRES SEQUIOL, S.L."
"2002 PERLINDUSTRIA, S.L."
"FERRETERIA PLOMER, S.L."
"SANEAMIENTOS AXARQUIA, S.L."
"BAÑOS SANTAMARÍA, S.L."
"COMERCIAL FCO. BUENAVENTURA, S.L."
"JUAN SASTRE ROCA, S.L."
"SUMINISTROS ELÉCTRICOS LA PLANA, S.L."
"CHEMTROL PROYECTOS Y SISTEMAS, S.L. (CHEPRO)"
"INCATUR, S.L."
"JOSE ROMERO GABARRON E HIJOS, S.L."
"FUNDIBIDE, S.A."
"PROEQUITY SERVICIOS INMOBILIARIOS, S.L."
"BERNA 10 ASESORES CONSULTORES, S.L."
"MATERIALES CAN RULL, S.L."
"GRAU CERIMAT, S.L."
"SERVEIS I COMPLEMENTS ES RAIGUER, S.L."
"SAFORIMPER, S.L."
"CIDERSOL TECNOLOGÍA SOLAR, S.L."
"MATERIALS BALTASAR 2008, S.L."
"BAZARANDONA, S.L."
"HERMANOS GUILL, S.L."
"MATERIAL DE CONSTRUCCIÓN ONIL, S.L."
"MATERIALS I DISTRIBUCIONS RBF LA SEU, S.L."
"MATERIALS DE CONSTRUCCIÓ L'ERA, S.L."
"MATERIALES DE CONSTRUCCIÓN BARCELÓ, S.L."
"CERÁMICAS LEGANÉS, S.R.L."
"DELTARIBA MATERIALS, S.L."
"EL TUT BRICOCONS, S.L."
"FERRETERÍA TERUEL GESTIÓN DE ARTÍCULOS INDUSTRIALES, S.L."
"MATERIALES DE CONSTRUCCIÓN ENRIQUE PÉREZ, S.L."
"MATERIALES DE CONSTRUCCIÓN ORTEGA AVILÉS, S.L."
"SUCOSAN CONSTRUCCIONES, S.L."
"SUMINISTROS SON AMONDA, S.L."
"YESOS ARANDA, S.A."
"SINELEC PENEDES, S.L."
"COMERCIAL BAVECAR, S.L."
SOPORTES TÉCNICOS UNIVERSALES S.L. (TPB TOP PORZELANIK BARCELONA)
"MACONS BERGANTES, S.L."
"MATERIALES MARÍN, S.L."
"MATERIALS PER LA CONSTRUCCIÓ CARMEN, S.L."
"AIDHOS ARQUITEC, S.A."
"NOVELEC PITIUSES, S.L."
"NOVELEC SEGURA, S.L."
"NOVELEC COSTA BRAVA, S.L."
"SINELEC NORD, S.L."
"NOVELEC GARROTXA, S.L."
"NOVELEC OSONA, S.L."
"NOVELEC DISTRIBUCIÓN GETAFE, S.L."
"NOVELEC ERESMA, S.L."
"NOVELEC DUERO, S.L."
"EUROCEM MORTEROS, S.L."
"P14 CIMENTACIONES, S.L."
"SESAELEC MADRID, S.A."
"MATERIALES Y SERVICIOS CORPORATIVOS, S.L. (MSC)"
"HNOS. GRIJALBA, S.L."
"RECESTUR, S.L."
"SANEAMIENTOS LA MEZQUITA, S.L."
"NOVELEC LOS LLANOS, S.L."
"PLASTICS TÁRREGA, S.L."
"FRAMAGAR, S.L."
"ITMEE & MANTENIMIENTO, S.L. (ENFRIO SOLUCIONES)"
"CONSTRUCCIONES MONSER ALGUAZAS, S.L."
"MONSO FUSTA I CONSTRUCCIÓ, S.L."
"PROYELECTRO DISTRIBUCIÓN ACTIVA MULTISECTORIAL, S.L."
"CA'S SOCIS, S.L."
"CEGRE, S.L."
"FERRETERIA LLULL BCN, S.L."
"S'ENTRADA D'ES PORT, S.L."
"SANTA BÁRBARA CERÁMICAS Y ALQUILER, S.L."
"BÉTICA DE ELECTRICIDAD, S.L."
"OSVALD FERRETERIA, S.C.P"
"FERRESUR FERRETERÍA Y BRICOLAJE, S.L."
"DISTRIMEL ZARAGOZA, S.L."
"CERAMIQUES ENRIC, S.L."
"JOYFASA, S.L."
"DISCOIN DISTRIBUCIONES Y SUMINISTROS, S.L."
"FERRETERÍA SURESTE, S.L."
"HERRAJES EL METRO, S.L."
"MULTISECTORIAL ITEMO, S.L."
"SEBASTIÁN SALAZAR, S.L."
"MARIANO MATERIALES DE CONSTRUCCIÓN, S.L."
"ESEDE ELECTRIC, S.L."
"FERRETERÍA CHÁVEZ, S.L."
"SEIN HERRAMIENTAS SERVICIOS RESULTADOS, S.L."
"FELIPE Y NICOLÁS, S.L."
"FERRETERÍA ALMATRICHE, S.L."
"ELECTRO SHOW ROOM, S.L."
"GRUPOTEC SERVICIOS AVANZADOS, S.A."
"GUADACORTE, S.A."
"TRANSGRUMA, S.A."
