"ROSA CREMA, S.L."
WERKHAUS S.L.S.C.S. (BAUHAUS ESPAÑA)
"CANTÁBRICO DIVERSIFICACIÓN, S.L."
"BLISS NATURE, S.L."
"RPC ENVASES, S.A."
"INVERSIONES MÜLLER, S.L. - GRUPO"
"ECOLLIM HOLDINGS, S.L."
"SEPHORA COSMÉTICOS ESPAÑA, S.L."
"VIDARA LIFE INGREDIENTS, S.A. (GRUPO)"
"INDUSTRIAS CATALÁ, S.A. (INCASA) - GRUPO"
"CALPARSORO INDUSTRIAL, S.L."
"ADI HOGAR Y HOSTELERÍA IBERIA, S.L. - GRUPO"
"SPECTRUM BRANDS SPAIN, S.L."
"AQUARIUS COSMETIC, S.L."
"COTY SPAIN, S.L. "
FERRETERÍA ICESA
"LABORATORIOS COSMÉTICOS LAMARVI, S.A."
"MAQUINARIA AGRÍCOLA GONZÁLEZ CUTILLAS, S.L. (EL SABIO GONZÁLEZ CUTILLAS)"
"CTLPACK VITORIA-GASTEIZ, S.A."
"D.S. SALGADO, S.L. - GRUPO"
"SUMINISTROS INDUSTRIALES Y LAMINADOS, S.L"
"AITANA COSMÉTICOS, S.L."
"SÁNCHEZ FILIO, S.L."
MATERIALES DE CONSTRUCCIÓN PPP (JUAN PÉREZ CELDRÁN)
"COTY BEAUTY SPAIN, S.L. (COTY IBERIA) - GRUPO"
"FIRMENICH, S.A."
JNTL CONSUMER HEALTH -SPAIN- SL. - KENVUE ESPAÑA
"JUGUETTOS CENTRAL DE COMPRAS, S.COOP.V."
"MUÑOZ Y MOLINA, S.A."
"LEDVANCE LIGHTING, S.A."
"FRASCOS CENTER, S.A."
"KARTOGROUP ESPAÑA, S.L."
"MATTEL ESPAÑA, S.A."
"ASEVI HOME BRANDS, S.L."
"PRG RETAIL GROUP SPAIN, S.L."
"INTHER H&S, S.L. (FERRETERÍA LA PAZ)"
"SUPERKIT DISTRIBUCIONES, S.A. (CMB BRIKOLAJE)"
COMERCIAL PINEDA (EL SABIO COMERCIAL PINEDA)
"PREVENZIONA EQUIPOS DE PROTECCIÓN INDIVIDUAL, S.L."
"COMERCIALIZACIÓN Y DISTRIBUCIÓN DE ALIMENTOS, S.L. (CODIAL)"
"FRESHLY COSMETICS, S.L."
"COMERCIAL CAUS, S.L."
"PLAION ENT, S.L."
"COLCHONES DELAX, S.L."
"ALUCAN ENTEC, S.A."
"LACOR MENAJE PROFESIONAL, S.L. - GRUPO"
"4 GASA, S.L. - GRUPO"
"PERFUMES Y AROMAS ARTESANALES, S.L."
"EL PRIORATO MARÍN, S.L."
"SUMINISTROS INDUSTRIALES CAMPAYO, S.L."
"SUMINISTROS INDUSTRIALES SYRESA, S.L."
"HIPPOS BABY CARE, S.L."
"MAQUINARIA Y HERRAMIENTAS DEL SURESTE, S.A. (MAHESSA)"
TALLER AURIA S.C.C.L.
"CLEANITY, S.L."
"COVALDROPER, S.L."
"PERFUMERÍAS CLAPÉS, S.L."
"BERGNER EUROPE, S.L."
"DISET, S.A. - JUMBODISET GROUP"
"ILERDA SERVEIS, S.A. (ILSER GROUP)"
"DROGUERÍA Y LIMPIEZA, S.A. (DROLIMSA)"
"ENVASES PARA PROFESIONALES, S.L. (ENVAPRO)"
"HAUSMANN, S.L."
"KETTAL, S.L."
"HENKEL IBÉRICA, S.A. - DIVISIÓN ADHESIVOS"
"CAPIEDAL, S.L."
"AROM, S.A."
"PAPSTAR IBÉRICA, S.L., S.C."
"SKYN CONTROL, S.L. - GRUPO"
"DÍAZ ALMEIDA, S.L."
"FERRETERÍA VALLS, S.L."
"INDUSTRIAS QUÍMICAS DE BADAJOZ, S.A. - GRUPO"
"FERROVIEDO, S.L."
"ALMACENES DE FERRETERÍA J. HIDALGO, S.L."
"DURACOLOR COATINGS, S.L.U."
"INDUHOGAR INVER, S.L."
"MUEBLES RAMA, S.L."
"HISPANO INTERNACIONAL, S.A. (HISINSA)"
FERRETERÍA ELÍAS (ARTURO RODRÍGUEZ AIRA)
"FERRETERÍA PALAFRUGELL, S.A."
"MAREMOR BEAUTY & FRAGRANCES, S.L. - GRUPO"
"AGROSILVA 2010, S.L."
FERRETERÍA FORTUNEZ
"MIGUEL ÁNGEL PLUMED, S.L."
"BRESME MADRID, S.L."
"BIOFASE ESPAÑA, S.L."
"FERRETERÍA NOGUEROL, S.L."
"SUMINISTROS ALINSA, S.L."
"SAAVEDRA BRITO, S.L."
"EUROAZNAR SUPPLIES, S.L."
"GREENS-CENTER PALACIOS, S.L."
"COMERCIAL CID LAS PALMAS, S.A."
"DESARROLLO BIOTECNOLÓGICO, S.L. (DEBIOTEC)"
"SUMINISTROS PRADA, S.L."
"MAQUINARIA Y PRODUCTOS ECOLÓGICOS, S.A."
"HEVA DETER HISPÁNICA, S.L."
"FABRIENVAF NUCA, S.L."
"SONY INTERACTIVE ENTERTAINMENT ESPAÑA, S.A."
"BREVIA, S.A. - GRUPO"
"DIS RIVAS, S.L.U."
"CASALMA, S.L."
"ARP CONSULTORIA ESTRATEGICA 2012, S.L. (AMERCOOK)"
"PRODUCTOS COSMÉTICOS YANBAL, S.A."
"CATRAL GARDEN & HOME DEPOT, S.A."
"AGERUL INDUSTRIAS QUÍMICAS, S.L."
"COMERCIAL PERSÁN, S.A."
"PERFUMERÍAS IDOIA, S.L."
S.A. DE PRODUCTOS DETERGENTES REUNIDOS 
"SUBPRODUCTOS INDUSTRIALES, S.L. (SUPINSA)"
FES MES BRICOLATGE
"ALMACENES ROYAIRPI, S.L."
"AZALEA COSMETICS, S.A."
"DETALL AGUSTI 1876, S.L."
"SUMINISTROS INDAGRO, S.L."
"SUMINISTROS INDUSTRIALES FESUR, S.L."
"TRIPLE Q, S.L."
"SAINT GENIS, S.A. (INOFIX)"
"INVERSIONES MÜLLER, S.L."
"FERRETERÍA INDUSTRIAL NEVADA, S.L."
"RECAMBIOS MORALES & HIJOS, S.L."
FERRETERÍA SAN PABLO
"MURO SUMINISTROS Y SERVICIOS, S.L."
"PINTURAS LEPANTO, S.A."
FERRETERIA EMPORDÀ
"BALAFER RENTALS, S.L."
"COMERCIAL NARAYA FERRETERA, S.L."
"DISTRIBUIDORS EUROPA DE MENORCA, S.L."
"GRUPO KOKERMANÍA, S.L."
"RODAMIENTOS MOSCARDÓ, S.L."
"DICERFER, S.L."
"FERRETERÍA ALBALADEJO, S.L."
"DISTRIBUCIONES Y MARCAS - DYM, S.L."
"CEPILLOS, BROCHAS Y PINCELES ORENSE, S.L."
"FERRETERÍA EL FERREIRO, S.L."
"A&B LABORATORIOS DE BIOTECNOLOGÍA, S.A.U."
"RIPALTA, S.L."
"SALTOKI GALDAKAO, S.L."
"TRADEINN RETAIL SERVICES, S.L."
"FERRETERIA MARRERO, S.L."
"FERRETERÍA ARRONES, S.L."
"COMERCIAL MINIA, S.L."
"SUMINISTROS AGUADO, S.L."
"FERRETERÍA GUANARTEME, S.L."
"NIRVEL COSMETICS, S.L."
"VEYFRA SERVICIOS, S.L."
"CORAL VAINILLA, S.L."
"TRANSPORTES SATURNIN Y MATERIALES DE CONSTRUCCIÓN, S.L."
"SUMINISTROS INDUSTRIALES GAME, S.L."
"DACCTORS, S.L."
"SPORT ZONE ESPAÑA COMERCIO DE ARTÍCULOS DE DEPORTE, S.A."
"5TH ESSENCE SQUARE, S.L."
ARACELI PÉREZ SANTOS (RUYFER) (CANTÁBRICO)
"SUMINISTROS INDUSTRIALES CABO NOVAL, S.L."
"PERSEGDRO, S.L."
"FERRETERIA MARTI GRAU, S.A."
"FORMOSO PICO, S.L."
"FERRETERIA SON GARRIT, S.L."
"PRODUCTOS QUIMICOS TRES VECINAS, S.L."
"BÉBÉCAR ESPAÑOLA, S.L."
"ALCANTARA ESPAÑA, S.A."
"FERRETERÍA INDUSTRIAL OLOTENSE, S.A."
"COTTON SOUTH, S.L."
"ALZA, S.L."
"BRICEJ HOSTELERÍA, S.L."
"COCUNAT, S.L."
"CENTRAL ESPAÑOLA DE COMPRAS DE DROGUERIA Y PERFUMERIA, S.L."
"TENNANT SALES & SERVICES SPAIN, S.A."
"RINFRESCO, S.L."
"LIMPLAS, S.A."
"MARTÍNEZ CONESA, S.A."
"COSMÉTICOS PAQUITA ORS, S.L. - GRUPO"
"SALTOKI LEGANÉS, S.L."
"FERRETERÍA I ELECTRODOMÉSTICS ALFONSO, S.L."
"FERRETERÍA Y MANTENIMIENTO, S.A. (FERMAN)"
"REPRESENTACIONES CESMAR, S.L."
"SUMICUART, S.L."
"SUMIALONSO, S.L."
"SOLE SUBMINISTRAMENTS INDUSTRIALS, S.L."
"PERFUMERÍAS KIM, S.L."
"FERRETERÍA PROFESIONAL INDUSTRIAL, SCCL"
"REPRESENTACIONES VALLINA, S.L."
"FERRETERÍA REJOLAYMA, C.B."
"J.L. EXCLUSIVAS EL SOL, S.L. "
"FERRETERÍA FURRIOLS, S.A."
"GIL GO, S.A. - DIVISIÓN JUGUETES"
"ROPECA CANARIA, S.A."
"LABORATORIOS COPER, S.L."
"ADELANZA INNOVA, S.L. (VECILLAS FERRETERÍA)"
"FERRETERÍA INDUSTRIAL CORNEJO, S.L."
"PERFUMERÍAS ALDERETE, S.L."
"FERRETERÍA RINCON, S.L."
"BRICONS CÁCERES, S.L. (EL SÚPER DE LA CONSTRUCCIÓN)"
"COPY SPORT, S.A."
"SUMURCA, S.L."
"CASA LLEVET, S.L."
"DROGUERIA PERFUMERIA DIEGO, S.C. (CANTÁBRICO)"
"COMERCIAL MIGUEL GOMEZ GONZALEZ, S.L."
"PARFUMS ROCHAS SPAIN, S.L."
"ALCASUM, S.L."
"NEOALGAE MICRO SEAWEEDS PRODUCTS, S.L"
"HERRERA ALONSO, S.L."
"SUMINISTROS JOYCA, S.L."
"PRODUCTES INDUSTRIALS DE SANEJAMENT I MANTENIMENT, S.L."
"FERRETERIA CABO BLANCO, S.L."
"FERRETERÍA ROYO, S.L."
"PERFUMERIA GARONA, S.L. (PASSION BEAUTÉ)"
"SALTOKI VIA TRAJANA, S.L."
"AZULEJOS LÓPEZ MORENO, S.L."
"EL PILAR AGUILAR, S.L."
FERRETERÍA LA VÍA
"4 GASA, S.L."
"BARBOSA E HIJOS, S.L."
"HERMANOS HERMI SANFI, S.L."
"BASE WORLD TRADING, S.L."
"COMERCIAL FRAPER, S.L."
"JOAN OLIVELLA, S.L."
"FERRETERIA DIAZ CURBELO, S.L."
"ALMACENES SILGAR, S.L."
"GARDEN POOL SANTO DOMINGO, S.L."
"JORAIDA UZ, S.L. (CANTÁBRICO)"
"FERRETERÍA PASCUAL, S.R.L."
"RETOLPROM 2017, SLU"
"CENTRAL LOGÍSTICA DE HERRAJES, S.A."
"PERFUMERÍA YAINOE, S.L."
"CATALTURB, S.L."
"SALTOKI CALAHORRA, S.L."
"JOSÉ SANTIAGO VARGAS, S.A."
"TOANJO CASADÓ, S.L."
"PALFONT 3, S.L."
"FERRI-WELD BURGOS, S.L."
"SALTOKI VILLAFRANCA, S.L."
"INSTALACIONES AMANDO, S.L."
"MATERIALES CASA BRETÓ, S.L."
FERRETERÍA EL 24
"BUTRAGUEÑO ESTEBAN, S.L."
BLIND HOGAR S.L.
"SUMINISTROS POLMELLI, S.L."
"FERRETERIA Y COCINA DEL SUR, S.L. (FECOSUR)"
"FERRETERÍA ERNESTO VILLAR, S.L."
"TARRACO IMPORT-EXPORT, S.L."
"GROSFILLEX ESPAÑOLA, S.A.U."
"DANBEL DISTRIBUCIONES EXCLUSIVAS, S.A. - GRUPO"
"D. Y P. MIGUEZ, S.L."
MARKWINS BEAUTY BRANDS INT LTD.  - OFICINA EN ESPAÑA
"GRUPO EMPRESARIAL GENA, S.L."
"CYGYC BIOCON, S.L."
"MUÑECAS ARIAS, S.L."
"HENKEL IBÉRICA, S.A. - GRUPO"
"ASOCIACIÓN ESPAÑOLA DE FABRICANTES DE PASTA, PAPEL Y CARTÓN, S.L. - (ASPAPEL)"
"PUCHO E HIJOS, S.L."
"GILI FERRETERÍA INDUSTRIAL, S.L."
"COURIR IBERIA, S.L."
"VENTA PEIO, S.L. (DIVISIÓN PERFUMERÍA)"
"FERRETERIA EUROPA, S.COOP. LTDA."
"COMERCIAL DIRESA, S.L."
"COMERCIAL CRISTIAN LAY, S.A."
"QUIMICA FARMACÉUTICA VICORVA, S.L."
"CELUVAL, S.L."
JUAN GONZÁLEZ REY (INDUSTRIAS CONTINENTAL)
"SUMINISTROS JOAQUÍN PLATA, S.L."
Mª DOLORS BOHIGAS ROSELL (PASSION BEAUTÉ)
"FERRETERIA PLANETA, S.A."
"ROSAL IMPORT-EXPORT, S.L."
"ALJAFERÍA, S.L."
"COSMÉTICA NATURAL DE LICOPENO, S.L."
"PLÁSTICOS VIDAL, S.L."
"GARAU CAPO, S.L."
"LÓPEZ SU-IN, S.L."
MARÍA MOUZO
"CEX INTERNACIONAL, S.A."
JOSE MANUEL MUÑIZ GARCIA (CANTÁBRICO)
"TOIM, S.L."
"LAMPEDUSA, S.L."
GLORIA FALAGÁN (CANTÁBRICO)
"SITA SHEWA, S.L."
"KHARISMATECH FARMA, S.L."
"BRICO ARENAL, S.L."
"CANTARINO, S.L."
"MATERIALES DE CONSTRUCCIÓN BERRIZ, S.L."
"BREVIA, S.A."
"HERMANOS QUESADA, S.L."
"SOTODOSOS PARDOS, S.L."
"ATALAYA DE CANYAMEL, S.A. (GRUPO MÜLLER)"
"FERRETERIA MARCAVEL, S.L."
"LENDAN COSMÉTICA, S.L."
"COMERCIAL BATRES, S.A."
"CARLOS WENDEL, S.L."
ESTEFANIA SALAZAR
"CENTRAL DE COMPRAS Y SERVICIOS DE CENTROS DE JARDINERÍA, S.L."
"FERRETERIA BARRIOS, S.L."
"OCB PHARMACEUTICAL, S.L."
"BRICOLAJES DEL SUR, S.L."
FERRETERÍA EL SABIO DEVARELA
"SALTOKI ALCALÁ, S.L."
ITS B.V.
"DECORACIONES ATOCHA, S.L."
FERRETERÍA POLEGRE (CENTRO COMERCIAL POLEGRE)
"FARMA KLINICA DENTAL, S.L."
"COLOMA Y PADILLA, S.L. (PASSION BEAUTE)"
"PRODUCTOS CELULOSICOS, S.A."
"SUMINISTROS CÁRDENAS MARBELLA, S.L."
"SUMINISTROS NAVARRO, S.A."
"LEADER 6 HOTEL, S.L.U."
MIKEL OLAIZOLA MALLABIABARRENA (CANTÁBRICO)
ADRIAN SEGURA LOSADA
"MATERIALS MASSAGUÉ, S.L."
"MOLINA SERRANO ELECTRODOMÉSTICOS, S.L."
"RUPEREZ ROMERO, S.L."
"PERFUMIA NICE, S.L."
"FF BOFILL, S.A."
"ACCESORIOS Y RECAMBIOS MORENO SÁNCHEZ, S.L."
"INDUSTRIAS GB FAMI, S.L."
"TUBTEX 2010, S.L."
"ITURRIA INDUSTRIAL, S.L."
"GUERRERO Y DURÁN DROGUERÍAS, S.L."
"BEAUTYGE, S.L."
"QUIMI ROMAR, S.L. (GRUPO ROMAR GLOBAL CARE)"
"INDUSTRIAS QUÍMICAS DE BADAJOZ, S.A. (INQUIBA)"
"ELECTROMUEBLES VERA REYES, S.L."
"LABORATORIOS XIMART, S.A."
"LORENAY, S.L."
"NUGGELA & SULE, S.L."
"COPA COSMETICS, S.L."
"CENTRAL TPC COCINAS, S.L."
"JOAQUIN PÉREZ LORCA E HIJOS, S.L."
"IFA RETAIL, S.A. - DIVISIÓN PERFUMERÍA"
"VERNIER COLLECTIVE, S.L."
"TEMPEL, S.A."
CARMEN ZAFRA
"ENDEMIC BIOTECH, S.L."
"BAZAR MADRID, S.L."
PILAR DÍEZ VADILLO (CANTÁBRICO)
"MACARONESIA SUNCARE, S.L."
"CAJULINA, S.L."
"INDUSTRIAS TARRÉS, S.L."
"AVANCE COSMETIC, S.L."
"ACH BRITO & CA, S.A"
"SALERM COSMÉTICA PROFESIONAL, S.A."
"TERNUM COSMETICS, S.L."
"SEGOLAND SIGLO 21, S.L."
"NORMAFLUID, S.L."
EMMA MATRATZEN (EMMA COLCHÓN)
"MARMOT COSMETICS, S.L."
"PERFUMERIES SAN REMO, S.A."
"DEPORVILLAGE, S.L."
"HIGICOL, S.A."
"ALFAVERDE PRODUCTOS NATURALES, S.L."
"PERFUMERÍA ODORIS, S.L. "
"LR HEALTH & BEAUTY SYSTEMS, S.L."
"AURGI, S.L."
"ALMENDRO Y BARENYS, S.L. (GRUPO SAN REMO)"
"FERRELDA, S.L."
"LABPERFUM, S.L."
J.J MARINO
"JUGUETES ROMÁN, S.A."
FERRETERÍA EL SABIO MASCOTICAS
"NATURA SIBÉRICA ESPAÑA, S.L."
"ESTEE LAUDER, S.A. - DIVISIÓN DISTRIBUCIÓN"
"LIGHT ADDICTS, S.L."
"ENDOTHERMIC, S.L."
"GARCÍA LECHUGA, S.L."
ISABEL COTARELO FERNÁNDEZ
"NETEJA I PERFUMERÍA ISRA, S.L."
"INVERSIONES MACLEAN IBÉRICA, S.L."
"IBÁÑEZ HERMANOS, C.B."
"NORWICH AND BARSTOM DEVELOPS, S.L."
"DEMERQUISA, S.A."
"SNIPES SPAIN, S.L."
"MY BABY MATTRESS, S.L."
EMILIO LÓPEZ ROBLEDA (PASSION BEAUTE)
"BOMARI, S.L."
"CADENA DE EMPRESAS DETALLISTAS, S.A. (CMD)"
"AZORÍN PERFUMERÍAS Y PARAFARMACIA, S.L."
"PROCTER & GAMBLE ESPAÑA, S.A.U. - GRUPO"
"IFA RETAIL, S.A."
"DROGUERÍAS Y PERFUMERÍAS ANA, S.L."
"PERFUMERÍAS YAYA, S.L."
"FOILFIX, S.L. (GRUPO)"
"JOHNSON'S WAX ESPAÑOLA, S.L."
"IBERCHEM, S.A. - GRUPO"
AMAZON EU S.A.R.L. SUCURSAL EN ESPAÑA  - DIVISIÓN GRAN CONSUMO
"ALMACENES CEDISMA, S.L. (PERFUMERÍAS GALA)"
"FERRETERÍA PEDRO DURÁN, S.L."
"THE DISNEY STORE SPAIN, S.L.U."
"CASA PIOCHEUR SPAIN, S.A."
"BRICOINSA, S.L."
"BLANZ MARKETING Y COMUNICACIÓN, S.L."
ASOCIACIÓN ESPAÑOLA DE FABRICANTES DE JUGUETES
"AMBINATURE SPB, S.L."
"TOUS PERFUMES, S.A."
"PRODUCTOS DEPORTIVOS, S.A."
"LIVE OUT SOLUTIONS, S.L."
"ECOBEL GLOBAL, S.A."
"HUGWORLD INTERNATIONAL DISTRIBUTIONS, S.L."
"HERMANOS RECIO, S.L."
"GSI DOTACIÓN INDUSTRIAL, S.L."
"INDUSTRIAS QUÍMICAS INDUQUIM, S.L."
"CENTURY BRANDS, S.L."
"PLÁSTICOS FACA, S.A."
WD-40 COMPANY LTD. ESPAÑA
"PROCTER & GAMBLE ESPAÑA, S.A.U. - DIV. COSMÉTICA"
"PERSÁN, S.A. - GRUPO"
"ADIAL HIGIENE, S.L."
"SERVICIOS Y SUMINISTROS AUXITEC, S.L."
"DAYASONS, S.L."
"PERFUMERIA EDEN, S.A. - GRUPO"
"FERGARCÍA, S.A."
"MIIN COSMETICS, S.L."
"DORDIV, S.L."
"CASTEY GLOBAL, S.L."
"AMC ESPAÑA ALFA METALCRAFT CORP, S.A."
"LICO COSMETICS, S.L."
"VALQUER LABORATORIOS, S.L.U."
"ALMACENES DROGASUR, S. COOP. - GRUPO"
"PADILLA PARFUMS, S.L. - GRUPO"
"DROGUERIAS REUNIDAS CNM, A.I.E."
"ENERFUER, S.L. (IDEAL BRICOLAJE)"
"SAN EUGENIO PARFUMS, S.L. - GRUPO"
"DÍAZ KREMER, S.L."
"MATERIAS QUÍMICAS, S.A."
OTEROS SPORT FUTUR - GRUPO
"BLUESUN CONSUMER BRANDS, S.L. - GRUPO"
"ALIBABA ECOMMERCE SPAIN, S.L. (DIVISIÓN BRICOLAJE)"
"PRODUCTOS DISICLÍN, S.A.  - GRUPO"
"TOYS LEVANTE, S.L. - GRUPO"
"M. CAMACHO INTERNACIONAL, S.L.  - GRUPO"
"AMAZON EU SARL, SUCURSAL EN ESPAÑA  - DIVISIÓN TIENDA DE BRICOLAJE Y HERRAMIENTAS"
"HERMANOS DASWANI, S.L. - GRUPO"
"GRUPO GAVIRA HOGAR, S.L."
"PROQUIMIA, S.A. (GRUPO)"
"MUEBLES CONGRESO, S.L."
"FERRETERÍA EL ÁRBOL, S.L."
"RITUALS COSMETICS ESPAÑA, S.L.U."
"ALCION PACKAGING SOLUTIONS, S.L."
"SYMRISE GRANADA, S.A."
"UNIVAR SOLUTIONS SPAIN, S.A."
"VICRILA INDUSTRIAS DEL VIDRIO, S.L."
"LEIFHEIT ESPAÑA, S.A.U"
"CERAS ESPECIALES MARTÍNEZ DE SAN VICENTE, S.A. (CEMSA)"
"MANIPULADOS LISMA, S.L.U."
"PERFUMERÍAS GALA, S.L. - GRUPO"
"GARROTE PERFUMERÍA Y COSMÉTICA, S.L."
"BEISSIER, S.A.U."
"THE SPB GLOBAL CORPORATION, S.L."
"GABBIANO IBERIA, S.L."
"CLADELLAS, S.A."
"DROGAS 86, S.L."
"PROYECTOS QUÍMICOS, S.A. (PROQUISA)"
"ECOLAB HISPANO-PORTUGUESA, S.L."
"ORIFLAME COSMÉTICOS, S.A."
"SANCHEZ GINER I, S.A. (SAGISA)"
"FERRETERÍA TIAS, S.L."
"ZWILLING J A HENCKELS IBERIA, S.A."
"JOMAR, S.A."
"BERSAN PAPELES Y MANIPULADOS, S.A."
"AGRADO, S.R.L."
"EUGENIO SANTOS ENVASADOS Y SERVICIOS, S.L."
"CVL COSMETICS SOUTH MIDDLE EUROPE, S.L."
"SALLÓ KYRA, S.L."
"GRUPO BONIQUET, S.L."
"QUIMIVENTURA MANIPULADOS, S.L."
"LABORATORIOS PRADY NORMAPIEL, S.L."
"RUBBEREX SPAIN, S.L."
"BALTIAN STAR, S.L."
"WECOLORS, S.L."
"PQS PISCINAS Y CONSUMO, S.A."
"MAXCHIEF EUROPE, S.L."
MANOMANO ESPAÑA
"FRANSA AGROQUÍMICOS, S.L."
"NATURCHEM, S.L."
"PRODUCTOS QUÍMICOS G2 GREEN, S.L."
"TOYS CENTRE, S.L."
"ISOLÉE, S.L."
"NORTHWOOD MANIPA, S.L."
"SENSALIA LABS, S.L."
"AROMATICALIA, S.L."
"BRANDCARE EST 2014, S.L."
"I.E. RHOINTER ESPAÑA, S.L. (MAGEFESA)"
"VARTA CONSUMER BATTERIES IBERIA, S.L.U."
"BUNZL DISTRIBUTION SPAIN, S.A."
"CANARIAS DE COMERCIO, S.L."
"PLASFESA PRODUCTS, S.L."
"RECKITT BENCKISER ESPAÑA, S.L."
"JÚLIA ESPAÑA PERFUMS, S.A."
"CREACIONES JUGAVI, S.L."
"FREUDENBERG HOME AND CLEANING SOLUTIONS, S.L."
"MIARCO, S.L."
"COMERCIAL FARLABO ESPAÑA, S.L. - GRUPO"
"PERFUMERÍA SELECTIVA, S.L."
"LUSH COSMETICS, S.L."
"INDUSTRIAL AGUSTI 1876, S.L."
"FORMULACIONES QUÍMICAS, S.A.U. (FORQUISA) - GRUPO"
"ARQ PLÁSTICOS, S.L."
"GOMÀ-CAMPS, S.A.U. - GRUPO"
"ULABOX, S.L."
PRODESCO - GRUPO
"MADRIFERR, S.L.U."
"EUROPLÁTANO, S.A."
"PRODUCTOS IMEDIO, S.A."
"STANHOME, S.A."
"COMERCIAL ASTUR DE PELUQUERÍA Y COSMÉTICA, S.L."
"LABORATORIOS NATUAROMATIC, S.L."
"BEAUTY BRANDS CANARIAS, S.L. (BEAUTIK)"
"SHISEIDO SPAIN, S.A.U."
"CAMM SOLUTIONS -SPAIN- R & D, S.L."
"PLASMIR, S.A. (GARDEN LIFE)"
"NEW MOP, S.L."
"MAGIC BOX INT. TOYS, S.L."
"CEFA-TOYS, S.A."
"EREDU, SCL."
"CAÑIZOS FAURA, S.L."
"AMWAY IBERIA, S.A."
GRUPO GILDO
"MAPELOR, S.L."
"ZOBELE ESPAÑA, S.A."
"MOLINA HERMANOS DROGUERÍA PERFUMERÍA, S.L."
"FUTURE COSMETICS, S.A."
"PROCTER & GAMBLE ESPAÑA, S.A.U. - DIV. LIMPIEZA"
GRUPO PERFUMERÍAS NOVA BEAUTY
"KERKOM 360, S.A."
ABRAHAM FERNÁNDEZ CECILIA
"MEDITERRÁNEA DE PRODUCTOS DE LIMPIEZA, S.L. (MPL)"
"HIJO DE NICOLÁS BENITO, S.A."
"FERRETERÍA LA LLAVE, S.L.U."
"CABALLERO Y HERNÁNDEZ, S.A."
"LABORATORIOS MAVERICK, S.L."
"SURPARFUMS, S.L."
"FLORMAR COSMETICS, S.L."
"INDUSTRIAS CRISTIAN LAY, S.A. - GRUPO"
"BARPIMO COATINGS, S.A."
"KERSIA IBÉRICA, S.L.U."
"ALFA DYSER, S.L."
"IFF ESPAÑA, S.A."
"KETER IBERIA, S.L.U."
"MANUFACTURAS IBÉRICAS, S.A. (MANIBER)"
"PRODUCTOS DE BELLEZA SISLEY ESPAÑA, S.A."
"OROBRANDS ALTAÏR GROUP, S.A."
"LABORATORIOS VERKOS, S.A."
"BUENO HERMANOS, S.A."
"AKZO NOBEL COATINGS, S.L."
"HIJOS DE FIDEL GARCÍA, S.L. - GRUPO"
"FORAMEN, S.L."
"SAM PLAST, S.L."
"ASSOCIACIÓ JOGUINERS AGRUPATS CATALUNYA, S.C.C.L."
"INTERPLATE, S.L."
"LLADOPOL, S.L."
"SHINE STAR, S.A."
"MUEBLES Y ELECTRODOMÉSTICOS CARMELO BALLESTA, S.L."
"CELULOSAS Y TISSUES, S.L."
"IP CLEANING ESPAÑA, S.L. (IPC ESPAÑA)"
"JESÚS OLIVERA, S.L."
"ROMACHO CENTRO COMARCAL, S.L."
"ALIANZA MENGUAL GROUP, S.L."
"GRUPO AC MARCA, S.L."
"ELIZABETH ARDEN ESPAÑA, S.L."
"TEMPUR SEALY IBÉRICA, S.A."
"PLÁSTICOS TRANSFORMADOS JOSA, S.L."
"HÍPERLAGUNA, S.L."
"NÍTIDA CLEANING & HEALTH, S.A."
"SOLUCIONES RABER, S.L."
"ADIS HIGIENE, S.L."
"LIDERA HIGIENE, S.L. "
"QUADPACK INDUSTRIES, S.A."
"HIGIENE GLOBAL ORBIS, S.L."
"DISTRIBUCIONES LA BOTICA DE LOS PERFUMES, S.L."
"PERFUMS & BEAUTY INNOVA, S.L."
"ALUMINIOS Y DERIVADOS ANDALUCES, S.L."
"SES VERNES, S.L."
"FERRETERÍA UNCETA, S.A."
"3INA COSMETICS, S.L."
"MASTER GIFT IMPORT, S.L. (TIENDAS MGI)"
"LABORATORIOS NEUM SPAIN, S.L."
"DETERGENTES IBERJAS, S.L."
"SANICEN, S.A."
"COMERCIAL PEDRO, S.A. (PEDROSA)"
"FISCHER IBÉRICA, S.A.U."
"EQUIVALENZA RETAIL, S.L. - GRUPO"
"DRASANVI, S.L."
"REFORMAM NETWORK 2010, S.L."
"FLEXIA FILMS, S.A."
"NET SERVICE CANARIAS, S.L."
"WITTE Y SOLA, S.A."
"INDUSTRIA QUÍMICA RÍO BLANCO, S.L."
"ROSSMANN DROGUERÍA ESPAÑA, S.L."
"SUAVINEX GROUP, S.L."
"NUTRITIENDA HEALTHCARE & BEAUTY, S.L."
"PETROPLAST, S.L."
PRIMAPRIX - DIVISÓN BEAUTY
"DESTER SUSTAINABLE SOLUTIONS, S.L."
"MUEBLES PEPE JESÚS, S.L."
"ELECTRODOMÉSTICOS REQUENA, S.L."
"KAPALUA TRADING, S.A."
"MUEBLES HOMELAND, S.L."
"LABORATORIOS RAYT, S.A.U."
ACTION RETAIL SPAIN S.L.
"ROBERTET ESPAÑA, S.A."
"MAGASALFA, S.L."
"FDJ NINCO, S.L.U"
"CLEMENTONI IBÉRICA, S.L."
"TINTÍN, S.A."
"TESA TAPE, S.A."
"PERFUMES BALANZAT, S.L."
"NELIA INTERNACIONAL COSMÉTICOS, S.L."
"DASANCI, S.L."
"JABONES PARDO, S.A."
"UNILEVER ESPAÑA, S.A. - DIVISIÓN HPC"
"DISTRIBUIDORA REGIONAL DE PERFUMERÍA, S.L. - GRUPO"
"ROFERSAM, S.A."
"CHANEL, S.L."
"SALI SUMINISTROS, S.L."
"SUMINISTROS INDUSTRIALES COBSA, S.L."
"STANLEY BLACK & DECKER IBÉRICA, S.L."
"ORENCIO MATAS Y HERMANOS, S.L."
"COMERCIAL JUSYMAR, S.A. - GRUPO"
"COMERCIAL F. SUARSA, S.L."
"HENKEL IBÉRICA, S.A. - HENKEL CONSUMER BRANDS"
"POHUER CREATIVE INJECTION, S.L."
"CATALANA DE FRASCOS, S.A."
"EVERSIA, S.A."
"ALANI HIGIENE PROFESIONAL, S.L.U."
"COLCHONES GOMARCO, S.L. - GRUPO"
"Y. JOSAMI, S.A. (GRUPO)"
"QUIMI ROMAR, S.L. (GRUPO ROMAR GLOBAL CARE) - DIVISIÓN PERFUMERÍA"
"SC JOHNSON PROFESSIONAL, S.L."
"EGGO STORES SPAIN, S.L. "
"PROVITAL, S.A."
"SYMRISE IBÉRICA, S.L. - GRUPO"
"3M ESPAÑA, S.A. - DIVISIÓN GRAN CONSUMO"
"COMBE EUROPA, S.L."
"COLGATE PALMOLIVE ESPAÑA, S.A."
"PERFUMES LOEWE, S.A."
"ORKLA CEDERROTH, S.A."
"FABRICANTES DE MENAJE, S.A."
"MARY KAY COSMETICS DE ESPAÑA, S.A."
"PERFUMERÍAS PASSION BEAUTÉ, S.L."
"HYGOLET IBERIA, S.L."
"UNECOL ADHESIVE IDEAS, S.L."
"QUIDE, S.A."
"JOAQUÍN VERDÚ DÍAZ, S.L.U."
"VERESCENCE LA GRANJA, S.L."
"PERFUMERÍES SAN REMO, S.A. - GRUPO"
"ALM, S.L."
"COMERCIAL D'ENVASOS I EMBALATGES, S.A."
"ASTURDINTEX COMERCIAL, S.L."
"ALBERPLÁS IBERIA, S.L."
"CENTRAL LOGÍSTICA AGRUPADA, A.I.E. - CELEA"
"LABORATORIO SYS, S.L."
"L'OCCITANE ESPAÑA, S.L."
"PERFUMERÍA MIRALLS, S.L."
"TENKA BEST, S.L.U."
"COTTON HIGH TECH, S.L."
"RAQUEL SALA, S.L."
"ENTIDAD MAYA, S.L. (GRUPO MAYA)"
"PROQUIMAC PFC, S.A."
"NATURAL SOLTER, S.L."
"TRÉNDICO GROUP, S.L."
"DESARROLLOS EMPRESARIALES IGEL, S.L."
"TRADEGATE TO EUROPE, S.L."
"NEOCOS LABORATORIOS, S.L."
"EXTREMEÑA DE PAPEL, S.L."
"DIEGO CORONA, S.L."
"ADAEQUO, S.L."
"ANTA Y JESÚS, S.L."
"ORACHE DESINFECTION, S.L."
"AGHASA TURIS, S.A."
"CHRISTEYNS ESPAÑA, S.L."
"BRITA IBERIA, S.L.U."
"OSTER ELECTRODOMÉSTICOS IBÉRICA, S.L."
"AMBISEINT, S.L. (GRUPO)"
"THE FRAGRANCE FORCE, S.L."
"ESPAÑOLA DE NUEVOS TRATAMIENTOS, S.A."
"TAILORED PERFUMES, S.L."
"INTERNACIONAL QUÍMICA AROMÁTICA, S.A. (INQUIAROMA)"
"MEDISANA HEALTHCARE, S.L. - OFICINA COMERCIAL"
"SOSMI, S.A."
"INDUSTRIAS QUÍMICAS MEGAR, S.L."
"KROUS EXPERT CARE, SL."
"DRYLOCK TECHNOLOGIES, S.L."
"DROGUERÍA Y PERFUMERÍA BALEAR, S.A."
"MOLTÓ Y COMPAÑÍA, S.A."
"BALLIU EXPORT, S.A."
"BTSA BIOTECNOLOGÍAS APLICADAS, S.L."
"MERA ARROCHA PERFUMERÍAS, S.L."
"VTECH ELECTRONICS EUROPE, S.L."
"PERFUMERIAS SASHA, S.L."
"SILVER SANZ, S.A."
"GRUPO EMPRESARIAL AROMAS, S.L. - GRUPO"
"INDUSTRIAS LA TUNA, S.L."
"OYAR, S.A."
"LA PRAIRIE GROUP IBERIA, S.A."
"KIKO RETAIL ESPAÑA, S.L.U."
"PROCTER & GAMBLE ESPAÑA, S.A.U. - DIV. CELULOSA"
"UNILEVER ESPAÑA, S.A. - DIVISIÓN HPC - LIMPIEZA"
"UNILEVER ESPAÑA, S.A. - DIVISIÓN HPC - COSMÉTICA"
GRUPO PRIMOR
"LABORATORIOS FORENQUI, S.A.U."
"PERFUMERÍA COMAS, S.L."
"PERFUMERÍA EUROPA, S.L."
"NEWDROGUER, S.L."
"LAKME COSMETICS, S.L."
"INDUSTRIAS QUÍMICAS VIRGEN DE LA SALUD, S.L. (INQUIVISA)"
"DURACELL SPAIN, S.L."
"CASH MARTÍ, S.L."
"SPRINTER MEGACENTROS DEL DEPORTE, S.L. - (GRUPO JD SPRINTER)"
"SUEÑOS LOGÍSTICA, S.L. (DORMITY.COM)"
"FIDEL MORA, S.A."
"ANGELINI BEAUTY, S.A."
"PERFUMS BACHS, S.A."
"STOR, S.L."
"HEMARCASTILLA, S.L."
"PERFUMERÍAS REGIA, S.A."
"ALMACENES S. GUERRERO, S.L. - GRUPO"
"PALC CHEMICAL ESPAÑOLA, S.L."
"LABORATORIOS MAGRIÑÁ, S.L."
"KOROTT, S.L."
"ENPLAST, S.A."
"MULTY ABRASPONGE, S.L."
"T. PLANET SHOPS, S.L."
"NEWELL SPAIN, S.L."
"CUNCIAL, S.A.L."
"MANIPULADOS VÁZQUEZ, S.L."
"AUBERT, S.A."
"HIJOS DE MIGUEL ROJO, S.L."
"QUALQUE, S.L."
"CASA VICENTÓ, S.L."
"EURODEL HARPAS, S.L."
"YOU COSMETICS, S.L."
"CELULOSAS Y PAPEL, SOC. COOP. AND."
"HAASBEL, S.L."
"INDUSTRIAL QUÍMICAS VIALPLUS, S.L."
"GRUPOPIKOLIN, S.L. (GRUPO PIKOLIN)"
"FUNCOTEX, S.L."
"HERMA PRODUCTOS DE LIMPIEZA, S.A."
"ONTEX ID, S.A."
"LAFERMU, S.L."
"RECODUL, S.L."
"BEAUTY LUXE DISTRIBUTIONS, S.L. (PERFUMES CLUB)"
"LUCART TISSUE & SOAP, S.L.U."
"DOBER IMPORT EXPORT, S.L."
"VYTRUS BIOTECH, S.A."
"SEB PROFESSIONAL IBERIA, S.A."
"PAUL HARTMANN ESPAÑA, S.L. (GRUPO)"
"NORMAL RETAIL SPAIN, S.L."
"HIPERCINE, S.L."
"MARKETING OLFATIVO, S.L."
"COMERCIAL PLASENCIA, S.L."
"REPUESTOS AGRÍCOLAS ROMÁN, S.L."
"SALTOKI VILANOVA, S.L."
"SALTOKI TORRELAVEGA, S.L."
"SALTOKI SABADELL, S.L."
"SALTOKI ZUBIETA, S.L."
"SALTOKI BIZKAIA ELECTRICIDAD, S.L."
"SALTOKI ALZIRA, S.L."
"SUMINISTROS VALERO CIUDAD REAL, S.L."
"FERRETERÍA Y SUMINISTROS ARENAL, S.L."
"SALTOKI ALICANTE, S.L."
"GIRÓN MADERAS DEL OESTE, S.L."
"KOVYX OUTDOOR, S.L."
"PULIMOL BAILÉN, S.L."
"JERÓNIMO MONTERRUBIO E HIJOS, S.L."
"FERREDAYRO, S.L."
"PÉREZ Y RINCÓN, S.A."
"CEADESA, S.L."
"SICILIA CASTRO, S.L."
"FERRETERÍA ROTA, S.L."
"JOSÉ GARCÍA E HIJOS DE LEPE, S.L."
"SUMINISTROS DE FERRETERIA SOLANO, S.L."
"CAJAS DE SEGURIDAD, S.L."
"HG SPAIN, S.L."
"LABORATORIOS E INDUSTRIAS NORIEGA, S.L."
"SUMINISTROS SOBRADILLO, S.L."
"MERJO, S.L."
"DOSITEC SISTEMAS, S.L."
"CORN, S.L."
FERRETERÍA MATA Y MARTÍNEZ
"QUINTANA LOS FRAILES, S.L."
"FERROCOSTA MELENARA, S.L."
"LABORATORIOS CAROL, S.L. - NATURAL COSMETIC LAB"
"FERROSTORE, S.L."
"FRANCISCO J. SILES, S.L."
"ARRONA HERMANOS, S.L."
"SUAVECEL - INDÚSTRIA TRANSFORMADORA DEL PAPEL, S.A."
"TAVOLA, S.P.A. (SUCURSAL EN ESPAÑA)"
"PEDRÓS BUIGUES, S.L."
"SALVA GARDENS LEVANTE, S.L."
"PERFUMERÍES AURES, S.L. (GRUPO BALANZAT)"
"BRV SPAIN, S.L."
"DEMARETOYS, S.L."
"YEDRA RODRIGO, S.L."
"IT STYLE MAKE UP, S.L."
"SPORT ZONE CANARIAS, S.L."
"LUCAS MOLINA, S.L."
"MATERIALES DE CONSTRUCCIÓN SANFER, S.L."
MATERIALES ISIDRO VALERO 
"NORTHWOOD DICEPA, S.L."
"SUGESA, S.L."
"POSIÑO, S.L."
"JELOAL, S.A."
"TORNEIRO, S.A."
"FERRETERIA DE CHINCHILLA, S.L."
"CASADO RIOJA, S.L."
"COMERCIAL METABOS, S.L."
"D. I. R. RIOJA, S.L."
"LA HERRAMIENTA SALMANTINA, S.L."
"ROYCHA, S.L."
FERRETERÍA Y BRICOLAJE MARCIAL (MARCIAL RONCERO DE LA FUENTE)
"SUINSA-4, S.L.L."
"REPUESTOS PANIAGUA, S.A."
"BRICOPINARES BURGOS-SORIA, S.L."
"SUMINISTROS INDUSTRIALES VALLADOLID, S.L."
FERRETERÍA SAINZA
"ANTONIO MENA, S.L."
"ALMACENES MIRANDA CELANOVA, S.L."
NATURE CERÁMICA (JESÚS DÍAZ ABRAIRA)
"SARALEGUI MATERIALES DE CONSTRUCCIÓN, S.L."
"CAMARFE, S.L."
"NETYA PROP, S.L."
"TIMARA COSMETICS, S.L."
"KING KRUSE, S.L."
"SCENT SPAIN, S.L."
"LAND OF NATURE, S.L."
"UNIKARE BIOSCIENCE, S.L."
"DISTRIBUCIONES FIMA, S.L."
"AGRONUTER, S.L."
"MUEBLES Y ELECTRODOMÉSTICOS ANDALUCÍA, S.L."
"ALBERTO IBIRICU GIL, S.L."
"COMERCIAL FERRETERÍA MAXORATA, S.L."
"ALMACENES DE LA LOZA, S.A."
"CAT PERFUMERIES, S.A. (SAN REMO)"
MIGUEL ANGEL CARRERA CUESTA (CANTÁBRICO)
YOLANDA FRANCO BERJÓN (CANTÁBRICO)
"PERFUMERÍAS HAPPY, S.L. (HAPPY)"
ANTONIO FLOREZ ALVAREZ (CANTÁBRICO)
"DESARROLLO COMERCIAL DEL SURESTE, S.L. (BEMALU)"
ARANZAZU BATIZ LOROÑO (CANTÁBRICO)
"COSMETICOS PAQUITA ORS, S.L."
"MAJUSA, S.A."
"LA GRIEGA E. KORONIS, S.A."
"DROGUERIA Y PERFUMERIA ALPE, S.L."
"PALJUSA DE PERFUMERÍA, S.A."
S.A. ESPAÑOLA PARA LA COMERCIALIZ. DE PROD. DERIVADOS DEL CLORO (SAECLOR)
"AMAYA SPORT, S.L."
"REPRESENTACIONES COSTABELLA, S.L."
"GRUPOPIKOLÍN, S.L."
"BAZAR VICTORIA DE ALMERÍA, S.L."
"VISTA ALEGRE ESPAÑA, S.A."
"COMPAÑÍA DE EQUIPAMIENTOS DEL HOGAR HABITAT, S.A."
JESÚS SURIA LORENZO
"MCI MANUFACTURING GROUP, S.L."
"FERRETERÍA IRIGARAY, S.L."
"HOFMANN MARKETING, S.L."
"SANEAMIENTOS L. MARTÍNEZ, S.A."
"DROGUERIA PERFUMERIA GEMMA, C.B. (PASSION BEAUTE)"
"MUEBLES POSTIGO, S.L."
"BUADES MIQUEL, S.L."
"CARDADOR E HIJO, S.L."
"IGARTUA, S.L."
"FORMULACIONES QUÍMICAS, S.A. (FORQUISA)"
"MATERIALES DE CONSTRUCCIÓN ZOMI, S.L."
JOSE HERNANDEZ HERNANDEZ
"RIPERFER, S.L."
"PERSIAN MELON, S.L."
"COMERCIAL PRIET'DECORACIÓN, S.L."
"CENTRAL DE COMPRAS HORMIGOS, S.L."
"JUGUETES Y BARATIJAS MARTÍNEZ, S.L."
"MONTSE PERFUMERÍA COSMÉTICOS Y COMPLEMENTOS, S.L."
"BRICOSANABRIA, S.L."
"CAZOSALPE, S.L."
"JOSÉ LUIS DE LA ROSA CASAS, S.A."
"PINISAN, S.L."
"QUÍMICAS T J, S.L."
"CASNET 96, S.L."
"LABORATORIOS IBERCOSMETIC, S.L."
"AROMAS SPAIN, S.L."
"PALBOPLAST, S.A."
"HNOS. SORIA DETERGENTES, S.L."
"VOLCOM DISTRIBUTION SPAIN, S.L."
"DISTRIBUCIONES Y SUMINISTROS ÁLAVA, S.L."
"EXCLUSIVAS ARCAN, S.L."
"HUMAT SPAIN, S.L. (VITALGRANA)"
"HIGIENE DESINFECCIÓN MURCIANA, S.L."
"RUTESA SUMINISTROS Y SERVICIOS, S.L."
"BRICOLAFER, S.L."
"DISTRIBUCIONES LOPETEGI, S.L."
"AGRADO COSMETIC CARE 3000, S.L. (GRUPO ROMAR GLOBAL CARE)"
"JORCANI, S.L."
"TABERSEO, S.A."
"VMV COSMETIC GROUP CUBA, S.L."
CENABASE S.L.
"GRUP BALEAR D'ESPORTS, A.I.E."
"PERFUMHADA, S.L."
"BALTIC COMMERCIAL OFFICE, SIA"
"TEB BARCELONA, S.C.C.L."
"DESARROLLOS TECNICOS DE PUERICULTURA, S.A."
"FERRETERÍA DROGUERÍA EL MOTOR II, S.L."
"PRODUCTOS DE COSMÉTICA E HIGIENE, S.L."
"FERRETERIES 2002 4 GMANS SÁNCHEZ, S.L."
"INTERNATIONAL COOKWARE, S.L.U."
"SUMINISTROS ZADORRA, S.L.L."
"GIMENO SUMINISTROS INDUSTRIALES, S.A."
"FERRETERIA POSTIGO, S.L."
"COSNOVA BEAUTY, GMBH"
"ALMACENES BARCHAFE, S.L."
"COMERCIAL JOSÉ BARRAGÁN, S.L."
"LARUMBE SUMINISTROS INDUSTRIALES, S.L."
"FERRETERÍA EL MARTILLO, S.L."
"CABANERO, S.L."
"SUMINISTROS INDUSTRIALES TODOMADERA, S.L."
"AGROQUÍMICOS BORREGO, S.L."
"ALMACÉN Y SUMINISTROS PARA LA INDUSTRIA Y AUTOMOCIÓN, S.L."
"BRICO-MADERAS ALCAIDE, S.L."
"INSPIRAZZIONE SHOPS, S.L."
"FEBRIOCAM, S.L."
"FERRETERÍA BARCELONA, S.A."
"FERRETERÍA TAMAIDE, S.L"
"COMERCIAL FERRETERA VIÑAS, S.L."
"GENERAL DE SUMINISTROS LEOPOLDO, S.L."
"LA INDUSTRIAL FERRETERA, S.L."
"RODRIGO TIANA FERRETERS, S.L."
"FERRETERÍA DOMENEC SEGUÍ, S.L."
"BRICOLAJE Y MADERAS GARRIDO, S.L."
"HNOS. RIAZUELO, S.L."
"MORA SALAZAR CERCADOS, S.L."
"FERRETERÍA GUTIÉRREZ PINO, S.L."
"SUMINISTROS AGRÍCOLAS JARDICAMP, S.L."
"COMERCIAL PESTANO, S.L."
"FERRETERÍA Y CASA SA ROTA, S.L."
"M.E. Y F. RAMÍREZ, S.L."
"PIMA SUMINISTROS, S.L."
"SERVICIOS INTEGRALES LUCEMAR, S.L."
"TUANDCO, S.L. (TU&CO)"
FERRETERÍA LA BROCA
"FERRETERÍA YAGO, S.L."
"FERROQUEILES, S.L."
"RAMIS STOCK, S.L."
"RIGMOSUR SERVICIOS IDUSTRIALES Y AGRÍCOLAS, S.L."
"HNTOOLS, S.L."
"RECO DANYS, S.L."
"SUMINISTROS DE FERRETERÍA FERROVAL, S.L."
"SUMINISTROS INDUSTRIALES HIERROS ALCAÑIZ, S.L."
"SUMINISTROS MERA, S.L."
"SUFEIN, S.L."
"SUMINISTROS CRUZ GÓMEZ, S.L."
"FERRETERÍA SIMANCAS, S.L."
"MOHEDA & RAÑAL, S.L."
"MARIÑEL BURDINDEGIA, S.L."
"CÉSAR CERÁMICAS Y SANEAMIENTOS RIVAS, S.L."
"CONFORT GRES, S.L."
"PERTOR MATERIALES Y SERVICIOS, S.L."
"COVESA 2020, S.L."
"LABORATORIO ESPAÑOL DE INVESTIGACIÓN COSMETOLÓGICA, S.L. (LABESP)"
"SEMILLAS BATLLE, S.A."
PALOMA LUENGO
DROGUERÍA FERMO
"FERRETERÍA PLAYA, S.L."
MARÍA EUGENIA OSSOTT (SAVIA COSMETICS)
FERRETERÍA EL SABIO CORISTANCO
FERRETERÍA EL SABIO MONTEFRÍO
"INTIMISTIC, S.L."
"LABORATORIOS BERNA, S.L."
"JOSE ANTONIO JIMENEZ VENTURA, S.L."
"INOCENCIO GARCÍA E HIJOS, S.L."
"MUEBLES MORENO ELECTRODOMÉSTICOS, S.L."
"RECKITT BENCKISER PORTO ALTO, LDA"
"COSMOPAK - INDÚSTRIA DE COSMÉTICOS E EMBALAGENS, S.A."
"HIGIEXPORT, LDA."
"RECKITT BENCKISER PORTUGAL, S.A."
"SOLIS - IMPORTAÇÃO E EXPORTAÇÃO, LDA."
JOSÉ MARÍA ÁLVAREZ MÉNDEZ
DICTINO PEREZ LOZANO
MILAGROS MADRAZO
"ESTABLECIMIENTOS J. SÁNCHEZ CANTORNA, S.L."
MARIA PILAR SIERRA CARO
"MASFRAGANCIAS, S.L."
"PRÓSPERA LEVANTE, S.L."
MARIA ENGRACIA ZAMBRANO FERNÁNDEZ
"AROMA CARTHAGO, S.L."
"PEREZ BARDON, S.L.L."
"RUBEN GUIRAO SANCHEZ Y OTRO, C.B."
"MARTÍNEZ Y GASCÓN, S.A."
"AGREDA AUTOMÓVIL, S.A."
"MAIAN BENAVENT, S.L."
"TICMEKOS, S.L."
"TOWER INNOVE, S.L."
"APLYTEC HIGIENE, S.L."
"AGRUPACION DE COMERCIANTES ESPORT DEVAL, S.L."
"PERFIN, S.A."
"FLOORQUIMIA, S.L."
"C.H.A. BELLEZA, S.L."
"DISPROCLEAN, S.L."
"GYS SPORT 2001, S.L."
"INTERSPORT RETAIL ONE, S.L."
"IBERIAN SPORTS RETAIL GROUP, S.L"
"STAR HEALTHCARE, S.L."
"COSFAR GERMANY INTERNATIONAL, S.L."
"EURO PERMANENT COSMETICS, S.L."
"SOLULIM HIGIENE ALIMENTARIA, S.L."
"BOU STI, S.L."
"BELTRÁN HERMANOS, S.L. - JABONES BELTRÁN"
"ORBITA INGENIERÍA, S.L."
"GRES Y AZULEJOS RUTA DE LA PLATA, S.L."
"SALTOKI IURRIETA, S.L."
"SALTOKI VALLS, S.L."
"SALTOKI ARRASATE, S.L."
"SALTOKI MANRESA, S.L."
"JUPER BI, S.L."
"SUMIDIN, S.L."
"CALERO SUMINISTROS, S.L."
"PALAGO, S.L."
"MORCILLO COMERCIAL FERRETERA, S.L."
"ALMACENES IBERIA CENTRO AGRÍCOLA, S.L."
"LABORATORIOS CHANTELET, S.A."
"EVELIO GONZÁLEZ GUARDIA, S.L."
"LUIS HERNÁNDEZ ÁLVAREZ, S.L."
"FERRETERÍA DOMINGUEZ HIJOS, S.L."
"HORIZON MEDICAL PHARMA, S.L."
"COSMETRADE, S.L."
"FONTAGRÍCOLA DEL SUR, S.L."
"PESET VIDAL, S.L."
"PERFUMERÍAS DROGUERÍAS COSMÉTICA RUBÍ, S.L. (PASSION BEAUTÉ)"
"SOBRINO G., S.A."
"ADENOSIN TRIFOSFATO P FARMA, S.L."
"ARCHIPIÉLAGO SUMINISTROS INDUSTRIALES 95, S.L."
"GRUPO SIEMPRE CLEAN ESPAÑA, S.L."
"HIDRALAIR, S.L."
"SURTRUCK, S.L."
SON D'AROMAS
"SENSOGREEN RETAIL, S.L."
"MULTIFERRETERIA L&G, S.L."
"ADOPT PARFUMS ESPAÑA, S.L."
"COMERCIAL FERRETERA VALLE SUR, S.L."
"JUAN MORALES AMARO, S.L."
"GONZALO DÍAZ E HIJOS, S.L."
"FERROTODO LOS MAJUELOS, S.L."
"FERRETERIA FEMACO, S.L."
"FERRETERÍA FERREDÍAZ, S.L."
"DECOHOGAR ACF 2033, S.L. (BRICOTIENDAS)"
"ALMACÉN DE FERRETERÍA LA VALL, S.L."
"AMBIENTAIR AROMAS, S.L."
"MONTJUICH & SARRIÓN, S.L."
"ONTEX PENINSULAR, S.A.U."
"AMIFAR LABORATORIOS, S.L."
"DISTRIBUIDORA REGIONAL DE PERFUMERIA, S.L."
"GENERAL DE SUMINISTROS BALLESTER, S.L."
"YOUNGERS LICENCIAS, S.L."
"GALMA SKINCARE, S.L."
"ICAP LAUNDRY CARE, S.L. - GRUPO INQUIBA"
 DAVID VELÁZQUEZ CASAS
"ALMACENES GENERALES R. ANDRADE, S.L."
"EDUARDO VARELA E HIJOS, S.L."
"COCINAS FEAL, S.L."
"BRICOSALNES, S.L."
"TORGUESA INDUSTRIAL, S.L."
"FERRETERÍA SAGAR, S.L."
"SUMINISTROS CERÁMICOS MANCHADO, S.L."
"SUMINISTROS INDUSTRIALES EBRO-MIRANDA, S.L."
"J. AREMA E HIJOS, S.L."
"FERRETERÍA MARTÍNEZ BIERZO, S.A."
"MONATRA, S.L."
"CC PROTECCIÓN Y SUMINISTROS INDUSTRIALES, S.L."
"FERRETERIA VALIÑO, S.L."
"SITASA SUMINISTROS INDUSTRIALES, S.A."
"ALMACENES SALTÓN, S.L."
"REYEMPA, S.L."
"JOSÉ Y NICANOR, C.B."
"ALMACENES MAYSER, S.L."
"UNIQUE BALM COSMETICS, S.L."
"CASTROMAN II, S.L."
"LE SECRET DU MARAIS, S.L."
"ECODELIVERY SOLUTIONS, S.L."
"PERFUMS SIRER, S.A. (GRUPO XARIG EDÉN)"
"PORXAS, S.L."
"ESTABLECIMIENTOS SÁNCHEZ, S.L."
"LOFERSA FINES, S.L."
"FERRETERÍA HUZATE, S.A."
"THE NAVIGATOR COMPANY, S.A."
"LIRAIN LURRINDEGIA, S.L. (PASSION BEAUTÉ)"
JUAN CARLOS VIDAL CRUZ (CANTÁBRICO)
ROSA NEREA CALVO MUGUIRA (CANTÁBRICO)
EVA ROBLES FERNANDEZ (CANTÁBRICO)
"TEJEDOR VEGA, S.L. (CANTÁBRICO)"
"MI COCINA, S.A."
"IBIMAT IBI, S.L."
EL SABIO ALYXMER
"COCOPE, S. COOP."
"COMPAÑÍA DE ALMACENAJE DISTRIBUCIÓN Y SERVICIOS, S.A. "
"PARAMOUNT SPAIN, S.L."
"PRODUCTOS DE CONSUMO DEL SUR, S.L. (PROCOSUR)"
"MERY PRODUCTS, S.L."
"DISTRIBUCIONES FUENTES, S.L."
"HIJOS DE FIDEL GARCÍA, S.L."
"INDUSTRIAS TAYG, S.L."
"GOLDEN TOYS, S.L."
"TAVITOYS, S.A."
"ORTOPEDIA MOGAR, S.A."
"REPRESENTACIONES MADRID, S.A. (REMASA)"
"MONDEX MENAJE ESPAÑA, S.A."
"GERVASIO PÉREZ Y OTROS, C.B."
MARIA JOSE BLANCH NAVAS
"MATERIALS RIBA, S.A."
DECORACIONES QUINTANA - GRUPO
"SEGUNDO PRIEGO, S.A."
"VISASOL, S.L."
"FERRETERÍA FUERTEVENTURA, S.A."
"SUMINISTROS CERRAJEROS, S.A. (SUCESA)"
"HEREDEROS DE ANTONIO MOYA BARRIONUEVO, S.L."
"STECNIC, S.A."
"DALLI CULT IBÉRICA, S.L.U."
"CÉSAR GONZÁLEZ, S.L."
"FERRETERÍA ARIES, S.A."
"SUMINISTROS GAME, S.A."
"FERRETERIA MASPOR, S.A."
"TORREAGUAS, S.L."
"FERRETERIA JANE, S.A."
"JOSÉ MARÍA RODILLA, S.L."
"SAGRERA CANARIAS, S.A."
"ESPLIEGO COLOR, S.L."
"EURODAMAS, S.L."
"ESTABLECIMIENTOS IRIS, S.C.P. (PASSION BEAUTE)"
"DEREX, S.A."
"SUMINISTROS GUALLAR, S.L."
"HIJOS DE ANTONIO CRESPO, S.L."
"QUIMICOS LOPEZ ESCUDERO, S.L."
"LUQUE Y MILÁN, S.L. "
FANNY MONTSERRAT QUEROL
"LUISA FERNANDA ORDOÑEZ, S.L."
"SUMINISTROS DIMARSOL, S.L."
"DOBLES PAREJAS, S.L."
NURIA VILALTA MARTÍNEZ (PASSION BEAUTÉ)
"QUÍMICOS Y PAPEL, S.L. (QUIMPA)"
"ENVALIA GROUP, S.L.L."
"BLAROZAR, S.L."
"SPAINTAB, S.L."
"HIDRIC, S.L."
"CAKEDECOR, S.L."
"Y. JOSAMI, S.A."
"PRODUCTOS MCLAND, S.L."
"AC MARCA BRANDS, S.L."
"GRUP PERFUMERIES SAN REMO, S.L."
"PERFUMS POSIT, S.L. (PASSION BEAUTÉ)"
"BEBEMON 2008, S.L."
"DISGARSA CANTABRIA, S.L."
"BG-SPAZIO IBI, S.L."
"PIENSOS UNAMUNO, S.L."
"SAMSIC IBERIA, S.L."
"SUMINISTROS INDUSTRIALES METAFER, S.L."
"EXPOCERÀMICA ARISÓ, S.L."
"GRUPO ALBERT 2000, S.L."
"COMERCIAL PRODILÉS, S.L."
"ORALYS SALUD Y CUIDADO DE LA PERSONA, S.L."
"EINES DE FUTUR, S.L."
"FERRETERÍA JUME 99, S.L."
FERRETERÍA MOLFERMA
"TRANSFORMADOS EN INYECCIÓN, S.A."
"FERRETERÍA MONTERO, S.L."
"G.M.G. SUMINISTROS INDUSTRIALES, S.A."
"ORCALU INGENIEROS, S.L."
"PERFUMERÍAS CLEOPATRA, S.L. (PASSION BEAUTE)"
"ALQUIAGA, S.L."
"FERRETERIA CAN MATEU, S.L.L."
JOSÉ GARCÍA GÓMEZ
" TIENDAS ALBARRIO, S.L."
"HERMANAS SÁNCHEZ-EL PINTOR, S.L."
"JUAN MÁRQUEZ DEL RÍO, S.L. (FERRGENAL)"
"EXCLUSIVAS HERGAR, S.L."
"SUMI-FERRE, S.L."
"ARA-COMIN MATERIALES, S.L."
"INSTALACIONS I MANTENIMENTS ARBUCIES, S.L."
"COMERCIAL MARHUENDA, S.L."
"COMERCIAL Y FERRETERÍA DIAZ, S.A."
"EIVISSA FERRER, S.L."
"SM SUBMINISTRES MONTSENY, S.L."
"SUMINISTROS JAIZKIBEL, S.L."
"DROGUERIA RIBA, S.L."
"ELECTRODOMÉSTICOS Y FERRETERÍA RACHADELL, S.L."
"USTRELL VILAFRANCA, S.L."
"VALLS 1900, S.L."
"FERRETERÍA CASTRO DELGADO, S.L."
"MIQUEL FERRETEROS, S.L."
"NUSAN SUMINISTROS INDUSTRIALES, S.L."
"FERRETERÍA TRILLAR, S.L."
"GLOBAL BULON, S.L."
"FERRETERÍA PRIM, S.L."
"RIGAU GERMANS JUST SERVEIS DE GIRONA, S.L."
"INFECO 97, S.L."
"FERRETERÍA MAURICIO, S.L."
"GERMANS BINIMELIS, S.L."
"DISTRIBUCIÓN DE PELUQUERÍA ÁLVAREZ Y JORDÁN, S.L."
"JOSÉ ROBLES E HIJOS, S.L."
"ZAFRA SUR, S.L."
"BRICO PRIVÉ ESPAÑA, S.L."
"AZULVÉLEZ, S.L."
"SIMAC 10, S.L."
"HIJOS DE RUIZ POLO, S.L."
"SUMINISTROS ALJA, S.L."
"SANARA HOGAR, S.A. (BRICO SANARA HOGAR)"
"ALBAAD DEUTSCHLAND, GMBH"
"SUMINISTROS PORROCHE, S.L."
"ABANICEL, S.L."
"PONTEVEDRA BRICOLAJE, S.L."
"ALMACÉN DE MATERIALES BLÁZQUEZ, S.L."
"ALMACENES PUEBLA DE CAZALLA, S.L."
"SUMINISTROS PRODIKLIM, S.L."
AMIA ORTIZ
EMILIA SÁNCHEZ GONZÁLEZ
"MANIPULATS I PROCESSOS INDUSTRIALS ACM, S.L."
"BLUESUN CONSUMER BRANDS, S.L."
"DERMATINA, S.L."
"ALBANETECH & INNOVATION GROUP, S.L."
"IBERO BRICOLAGE LEMAR, S.L. (BRICO-LEMAR)"
"EUCA GREEN, S.L."
"VALZERA INGENIERÍA Y SOLUCIONES, S.L."
"IBERFRASA, S.L. - GRUPO"
"KLINER-PROFESIONAL, S.A"
"FERRETERÍA Y PINTURA, S.L."
"SANITY HEALTH, S.L. "
"TECYMAIN, S.L."
"ASHES TO LIFE, S.L."
" NATURDESMA, S.L."
"SEAL AROMAS, S.L."
"NICHE BEAUTY LAB, S.L."
JUAN PARDO
"COCINAS Y REGALOS PINTADO, S.L."
"DISTRIBUCIONES COPERO, S.A."
"FERRETERIA CANAL, S.A."
"ELECTRODOMÉSTICOS LA TIENDA NUEVA, S.L."
"IDEA HOGAR COCINAS, S.L."
"VENTURA HERNÁNDEZ, S.A."
"ITERSACO H&R, S.L."
"PRODUCCION Y MANIPULADOS, S.A."
"INDUSTRIAL CAMPOLLANO FERRETERÍA, S.L."
"SUMINISTROS LUMADAM, S.L."
"FRAGANCES & COLORS, S.L."
MARIA MARTÍN ROJAS
"ETRAMUFREP, S.L."
MARÍA IZQUIERDO PICO
"PRIMARK TIENDAS, S.L."
"ARC DISTRIBUCIÓN ARTE PARA EL HOGAR IBÉRICA, S.L."
"EBRO DROPER, S.L."
"RENOVA -FABRICA DE PAPEL DO ALMONDA, S.A."
"IBECOSOL, S.L."
"HERBALIFE INTERNATIONAL ESPAÑA, S.A."
"COMERCIAL ORCELLÓN, S.L."
"EL CLUB DEL AFEITADO, S.L."
"CUBE COSMETICS, S.L."
"MISTOLIN PRODUTOS DE LLIMPEZA, LDA."
"ROLDÁN JUGUETES, S.L."
"SANYMAR HIGIENE INDUSTRIAL, S.L."
"DISPAYTA CANARIAS, S.L.U."
"TEAM TOYS, S.A."
"SIBIGUAY,  S.L."
"LABORATORIOS ENTEMA, S.L."
"M. CAMACHO INTERNACIONAL, S.L."
"FAPIL - INDÚSTRIA, S.A."
"CTR - CONSULTORIA, TÉCNICA E REPRESENTAÇÕES, LDA."
"FRANCISCO FERNANDES GUEDES, LDA. (UNIVERSAL)"
"PINCELARIA PARDAL, S.A."
JODEL - PRODUTOS QUÍMICOS S.A.
"ECOEKO COSMETICA CONSCIENTE, S.L."
"COMERCIAL PEDRO, S.A."
"ELECTRO HIDRO MEDITERRáNEO, S.A."
"SALTOKI ELCHE, S.L."
"SALTOKI VALLECAS, S.L."
"SALTOKI SAN FERNANDO, S.L."
"SALTOKI MONFORTE DE LEMOS, S.L."
"SALTOKI HOME MARBELLA, S.L."
"SALTOKI EL VENDRELL, S.L."
"ALMACENES PÁRAMO, S.L."
"MAHER GONZALEZ IGLESIAS, S.L."
"SALTOKI VALENCIA, S.L."
FERRETERÍA ARÁN
"MATERIALES DE CONSTRUCCIÓN TENDENZZIA, S.R.L."
"TECNOMETRIC, S.L."
"SERVITRAPO INDUSTRIAL SEGURA, S.L."
"FERRETERÍA SALGADO, S.L."
"EFECTOS NAVALES BURELA, S.L."
"SUEÑOS MAGISTER, S.L."
"SUMINISTROS VILA DE CAMBRE, S.A."
"COMERCIAL JOMÁN, S.L."
"SOCIEDAD DE DISTRIBUCIÓN COMERCIAL AEROPORTUARIA DE CANARIAS, S.L."
"REFAN IBERIA 2016, S.L."
"VILÀ MAQUINARIA AGRÍCOLA I DE CONSTRUCCIÓ, S.L."
"YOU ARE THE PRINCESS, S.L."
"DAYMA PERFUMERÍA, S.L."
SUMINISTROS URQUIZA (MARÍA ÁNGELES CABEZÓN ALONSO)
"MARBOL CALDES, S.L."
"NICEPACK, S.L."
"SOL DE IBIZA COSMÉTICA ELEMENTOS NATURALES, S.L."
"FERRETERÍA BENAVIDES, S.L."
"COVECANO, S.L."
"SUMINISTROS DE FONTANERIA ZEC CANARIAS, S.L."
"FERRISUR FERRETERÍA, S.L.L."
"FERRETERÍA Y EFECTOS NAVALES MIRAES, S.L."
"FERRETERIA EL COLISEUM, S.L."
"FERRETERÍA FAMILIA SÁNCHEZ TRUJILLO, S.L."
MOISÉS CALDERÓN DE LA TORRE
"NIETAS VIDAL, S.L."
"EMILIO GARCÍA ESCAMILLA, S.L."
"TERUEL SANZ, S.L."
"FERROCUR, S.L."
"BRICOHOGAR HUELVA, S.L."
"GOMÀ-CAMPS CONSUMER, S.L.U."
"DECO MOBEL KITCHEN, S.L.U."
"ECOMETHICS, S.L."
"TPF MAQUINARIA Y AUTOPALAS, S.L."
"FOREO SPAIN, S.L."
"ECOFREGO SYSTEMS, S.L."
"NOMACO SPAIN, S.L."
"PRODUCTOS BÚFALO, S.A."
"SUMINISTROS CANO, S.L."
"MADERAS LANZAROTE, S.L."
"ORRIBO PÉREZ, S.L."
"FERRETERIA LEMON, S.L."
"PLANESIA INVESTMENTS, S.L."
"LABORATORIO COSMÉTICO CUGAES, S.L. (ÁRTICA BIO)"
"NUEVOS TIEMPOS CANARIOS 2013, S.L."
"MAQUINARIA GIRON, S.L."
"GARCÍA RODRÍGUEZ FERRETERÍA, S.L."
"LABORATOIRE NUXE ESPAÑA, S.L."
"IMSTANT COSMECEUTICS, S.L."
"GÓMEZ QUINTEIRO, S.L."
"CASTROMÁN, S.L."
"ALMACÉN DE FERRETERÍA MANUEL ÁLVAREZ, S.A."
"FERRETERÍA PUENTES, S.L."
"GERICO RADIO, S.L."
"JANDERSKIN, S.L."
"EFECTOS INDUSTRIALES CAMINOVAL, S.L."
"CALERO MAQUINARIA Y SERVICIOS, S.L."
"FERPUEBLA, S.L."
"FERRO BAZAR, S.L."
"OXIGAR, S.L."
"FERRETERIA M. CASAIS, S.L."
COMERCIAL JOSÉ RIVEIRO
"SUMINISTROS INDUSTRIALES LEMOS-OURENSE, S.L."
"BERNABÉ JIMÉNEZ, S.A."
"CONSTRUFER VILALBA LUGO, S.L."
"ALQUILEON, S.L."
"SÁEZ HNOS. FERRETERÍA, S.L."
"FÁBRICA Y COMERCIAL CÁMARA, S.L."
"FEYCOFE, S.L."
"SÁNCHEZ SORIANO REQUENARIO, S.L."
"LEANDRO HERRAEZ E HIJOS, S.L. (COMERCIAL ANAYA)"
CURIESES MATERIALES (JUAN JOSÉ CURIESES ALONSO)
LÁZARO ACEDO MARTÍN
CARMEN BUDIÑO LÓPEZ
"JILOVAL, S.L."
"HIERROS ALFONSO SORIA, S.L."
"CELSO MIGUEZ E HIJOS, S.L."
BOTICA DO AGRO
"METÁLICAS COYSA, S.L."
"CELULOSAS Y DERIVADOS DE LA TORRE, S.L."
"BELLAPIERRE COSMETICS EUROPE, S.L."
"MANOCAR, S.L."
"MABEGA 1973, S.L."
"ALECRÍN FINANCIERA, S.L. (GRUPO) - GRUPO"
"AIR-VAL INTERNATIONAL, S.A. - GRUPO"
EPI INTERNATIONAL BVBA
"O-PAC HIGIENE Y COSMÉTICOS, S.L."
"AYEBSA IMPORT-EXPORT, S.L."
"SERVICIOS Y SUMINISTROS FERRYLUZ, S.L."
"SUMIVIA-05, S.L."
"DROPERCO, S.L. (CANTÁBRICO)"
RAQUEL IGLESIAS (CANTÁBRICO)
"APG BELLEZA, S.L. (CANTÁBRICO)"
MONTSERRAT PUGA NOVOA (CANTÁBRICO)
"PERFUMERIA DROGUERÍA ANA, S.C. (CANTÁBRICO)"
"BARENYS, S.A.  (GRUPO SAN REMO)"
LEONARDO LEDESMA (PASSION BEAUTÉ)
"OLGA, S.C. (CANTÁBRICO)"
MARIA DEL MAR HERREROS FERNÁNDEZ (CANTÁBRICO)
"FELIPE DE MARCO, S.A."
"IBERCAYA PLUS, S.L."
"SUMINISTROS JOSÉ LUIS CABRERA, S.L."
"ORGANIZ., REPARTO Y DISTR. EUROPEA, S.L."
"SUMINISTROS I.L.A.G.A, S.L."
"AYEBSA, S.L."
"PLUS PARFUM, S.L."
"VALENCIANA EXPORTACIONES, S.L."
"PERFUMERÍAS ATALAYA, S.L."
"ECO PRECIO, S.A."
"PERRIGO ESPAÑA, S.A."
"ALMACENES MARIN DEL BURGO, S.A."
"ALMACENES PINTO, S.A."
JESÚS CAMPO NAVARRO
"VALENTÍN MORALES E HIJOS, S.L."
"JABONES EL ABRA, S.A."
"NUEVA MAINETTI, S.A."
"BERMÚDEZ DE CASTRO Y SÁNCHEZ, S.L."
"FERMIN MARTINEZ ALONSO Y OTROS, C.B."
"VIDRIOS SAN MIGUEL, SCV."
"TECNILATEX, S.A."
"JUGUETES COMPRA SUR, S.L. (JUCOSUR)"
"SOCIEDAD CATALANA DE DISTRIBUCIÓN, S.A."
"GELESAN, S.L."
"GODOY DROJU, S.A. - GRUPO"
"CODROGA, S.L."
"IGNACIO ALMENDRO, S.A."
"LION, S.A."
"INDUAL MOBILIARIO, S.L."
"JUGUETES FERRE, S.L."
"FERRETERÍA COSLADA, S.A."
"ELISEO LLABRES, S.A."
"FITA IBICENTRO, S.A."
"FRANCISCO ROMERO ORTEGA, S.L."
"FERRETERIA OLIVELLA, S.L."
"COTELGA, S.L."
"PINTURAS INDUSTRIALES MUÑOZ, S.A."
"FERRETERÍA BADIA, S.A."
"FERRETERIA NERVIÓN, S.A."
"FERRETERIA FONT FREDA, S.L."
"ALLIBERT HABITAT, S.L."
"ELABORACIONES QUIMICAS DEL SUR, S.A."
"DROGUESAX, S.L."
"FERRETERÍA L. AGUILAR, S.L."
"SUMISUR, S.L."
"PINTURAS L'ALBERA, S.L."
"TECNICAS DE FIJACIÓN MECÁNICA, S.A."
"PINTURES I DECORACIÒ MOLINS, S.L."
"SEGURIDAD Y LIMPIEZAS, S.A."
"COMERCIAL J.G.B., S.L."
"ANIDIA, S.A. (KINGHOGAR)"
"PADIEMY, S.L."
"COSAS DE HOGAR, S.L."
"DROGUERÍAS Y PERFUMERÍAS NÁCAR, S.L."
INMA LOPEZ RODRIGUEZ
CARITAT RIBAS PASCUAL (PASION BEUTÉ)
SOLEDAD BRETON SIERRA (PASSION BEAUTÉ)
"SCANIO SYSTEMS, S.L."
"DALPESES, S.L."
"ELECTRICIDAD RAMOS Y COMPAÑÍA, S.L."
"QUIMIDEX PROFESSIONAL, S.L."
"PROECO QUIMÍCAS, S.L."
FLORA FORCADELL QUERALT
"QUIMIBIOS, S.L."
"CENTRO MADERA Y MUEBLE 2014, S.L."
"BOTTEGA VERDE ESPAÑA, S.L."
JOSE MARIA RECIO
"BRICOLAJE ALPUENTE, S.L."
"SUMINISTROS CÁRDENAS, S.L."
MARIPOL & ROYAL
"FERRETERÍA PERPIÑÁ, S.L."
"EUROMAYPRO, S.L."
"HOGAR GRANDES CLIENTES, S.L."
"MND GRUP 1945 BALAGUER, S.L."
"COMERCIAL ANIEVAS, S.L."
"CELQUISA, S.L."
"AZPAPER, S.L."
"INQUIDE, S.A."
"BRICO-CONSTRUCCIÓN ROMICÓN, S.L."
"RED YELLOW RED IMPORTACIONES, S.L."
"AES MASK FACTORY, S.L."
"FERRETERÍA CABO DE PALOS, C.B. (CALA FLORES)"
"FRONDA CENTROS DE JARDINERÍA, S.L."
"COVELO Y REY, S.L."
RICARDO JESÚS HIDALGO LEÓN (PASSION BEAUTE)
Mª PILAR CASTILLO FRESNEDA
"FERRETERÍA DAGANZO, S.L."
"MAINATE, S.A."
"UNIFERAG CARIBE, S.L."
"COMUNO KOPTIMO, S.L."
"FERROTEK SUMINISTROS, S.A."
"JACINTO BÁEZ SOCORRO, S.L."
"NETYA BATRES, S.L."
"NETYA SANYPER, S.L."
"HIJOS DE MANUEL CRUZ VALBUENA, S.L."
"FERRETERÍA EL STORE, S.L."
"FERRETERÍA JORBA SOLÀ, S.A."
ANA LUCÍA TORREJÓN
"COMERCIAL PALMER D'OR, S.L."
"FERRETERÍA Y SUMINISTROS GENERALES, S.L."
"BATA, S.A."
FERRETERÍA JORDÁN
"SOLDUFER SERVICIOS INDUSTRIALES, S.L."
"FERRO SUMINISTROS INDUSTRIALES, S.L."
"F LEONESA, S.L."
"HIJOS DE VICENTE MARCO, S.L."
"HNOS. DELGADO SAAVEDRA, S.L."
"FERRETERÍA INDUSTRIAL ETXEGU, S.L."
"FERRETERÍA JESÚS PÉREZ DE LARRAYA, S.L."
"LOPEZ PARRA, S.L."
"SUBMINISTRAMENTS REIG, S.L."
"EL CLAU TORRENT, S.L."
"FERREMAR 2009, S.L."
"FERRETERÍA ARGA, S.L."
"FERROGOMERA, S.L."
"FERRETERÍAS ALAYÓN BELTRÁN, S.L."
"HIDROPAMER, S.L."
"FERRETERÍA-BRICOLATGE I PINTURES M. ESPADA, S.L."
"COMERCIAL DOMÍNGUEZ LA PALMA, S.L."
"ROBERT CARDUS, S.L."
"RECAMBIOS ALCORA, S.L."
"NUNEX WORLDWIDE, S.A."
"SUMINISTROS INDUSTRIALES BUSTOS, S.L."
"FERRETERÍA GERMÁN MEDINA, S.L."
"FERRETERÍA XAVIER MAS, S.L."
"ABANTO-PRO, S.L."
"AZULEJOS LEYVA, S.L."
"BENEYTO TORRES HNOS., S.L."
"SERVINCAS CASTALIA 2010, S.L."
MATERIALES JUAN ANTONIO RODRÍGUEZ ROCA
"LOZANO RAMOS, S.L."
"GOMARCO DESCANSO, S.L.U."
"FERRETERÍA CONPE, S.L."
"PADILLA WEST, S.L."
"PERFUMERÍA EDÉN, S.A."
"VILA HERMANOS CERERIA, S.A."
JULIÁN JORDÁN 
"LABORATOIRES SVR ESPAÑA, S.L."
"IDEO BRICOLAJE Y DECORACIÓN, S.L."
"FAKOLITH ESPAÑA, S.L."
"OLSEC DISTRIBUTION, S.C."
SUSANA GÓMEZ FLORES
"GALLEGOPLAST, S.L."
"COMERCIAL GRANDE, S.L."
"BRICOCENTROS CATALUNYA, S.L."
"AGROLAUDIO, S.L."
FERRETERÍA EL SABIO ELNANTA
"MULTISERVICIOS MASTER-POL, S.L. (FERRETERÍA EL SABIO MASTER POL)"
 VISEGER FARMA COMPLEMENTOS ALIMENTICIOS Y NATURALES S.L
HEREDEROS DE ANGEL GARCIA FERNANDEZ CB (EL SABIO RIEGOSUR)
"FERROURCI, S.L."
"COMERCIAL VÁZQUEZ GIL, S.L."
"MIGUEL LARA E HIJOS, S.L."
"MUEBLES REGINO, S.L."
"A.M. DE ALMEIDA E SILVA & FILHO, LDA. (SIBINA)"
"PROMOTORA DE PERFUMERÍA Y LIMPIEZA, S.A."
"CARAMBA, S.L."
"CIA. DETERGENTES INSTIT. DEL VALLES, S.L."
"FONTENAS, S.L."
JOSÉ MANUEL AVIS PICADO
"GUADALUPE MARTÍNEZ CASTELLÓ, S.L."
"JOSÉ RIERA Y HERMANOS, S.L."
"NUEVAS INICIATIVAS COMERCIALES B&S, S.L."
"TERTIA SENSU, S.L."
"PERFUMARK, S.L."
"CASBOT HAIR, S.L."
"ADIDAS ESPAÑA, S.A."
"PIRELLI NEUMATICOS, S.A."
"INOXIBAR, S.L."
"GENERAL DE PILAS, S.L."
"NEW BRAND COSMETICS, S.L."
"BUTLERS COMERCIO ESPAÑA, S.L."
"BERNARDO REPRESENTACIONES Y EXCLUSIVAS, S.L."
"AGUIMAN 2001, S.L."
"CONSUMER MEDICAL CARE IBERIA, S.L."
"MAXTEL INDUSTRIAL CLEANING PRODUCTS, S.L."
"EL ALMACEN DE LA NIEVE, S.L."
"TREVIPAPEL - TRANSFORMAÇÃO E CORTE DE PAPEL, S.A."
"SOCIEDADE DE PERFUMARIAS NALLY, LDA"
"DIVERSEY PORTUGAL - SISTEMAS DE HIGIENE E LIMPEZA, UNIPESSOAL, LDA"
"BOLASECA, S.A."
"E-BIOKING SOLUTIONS, S.L."
"FERRETERÍA CANAIMA, S.L."
"EUROVERMON, S.L."
"EGAMASTER, S.L. (EGA MASTER)"
"LE NAPPAGE IBERICA, S.L."
"SALTOKI COLLADO VILLALBA, S.L."
"SALTOKI TORTOSA, S.L."
"SALTOKI TARRAGONA, S.L."
"SALTOKI MURCIA, S.L."
"SALTOKI MONZÓN, S.L."
"JUPER IRU, S.L."
"SALTOKI GIJÓN, S.L."
"SALTOKI GANDÍA, S.L."
"SALTOKI BADALONA, S.L."
"SALTOKI ALDAIA, S.L."
"ORTEGA SOLDADURA, S.L."
"LIMPIEZAS DEYSE, S.L."
"COMERCIAL BORRELL, S.L."
"CONSTRUCCIONES DON QUIJOTE, S.L.U."
"T. VEMORANCA, S.R.L."
"JADOBISA, S.L."
"GARCÍA REGUERA, S.L."
"ANIBAL-REYMA, S.L."
"JOSÉ VILLAVERDE, S.A."
"SUMINISTROS LAR, S.A. (BRICOLAR)"
"DISTRIBUIDORA ASTURIANA DE ACCESORIOS DE ALUMINIO, S.L."
"SUMINISTROS HERMANOS BILLETE, S.L."
"SUMINISTROS INDUSTRIALES MAYORAL, S.L."
"MARTÍNEZ FERRETERÍA Y SUMINISTROS, S.L."
"FERRETERÍA GENIL, S.L."
"FERRETERÍA BARRIENTOS, S.L."
"BOLSA DE AGUAS DE LA PALMA, S.A."
"KERSIA IBÉRICA, S.L.U."
"BANDAS TRANSPORTADORAS DEL SUR, S.L."
"VARO Y POZO 1991, S.L."
"MATERIALES HERNÁNDEZ LEÓN, S.L."
"BOUTIQUE DEL BRICOLAGE, S.L."
"COMERCIAL FABAGU, S.L."
"J&L OBRAS Y SERVICIOS, S.L."
"FERRETERIA BELLAVISTA, S.L."
"FERRETERÍA LA HONDURA, S.L."
"COMERCIAL RUMBO LAGUNA, S.L."
"FREDASI, S.L."
"FERRYPESCA, S.L."
"SUMINISTROS SAA DOZON, S.L."
"FERRETERÍA ORFER, S.L."
"TU BRICO-MARIAN, S.L."
"ALMACENES GONZAR, S.L."
"ACTIVE MEDICAL DISPOSABLE, S.A."
"CAAMAÑO SOLUCIONES, S.L."
"SANIKEY REPRESENTATIVES, S.L."
"FERRETERÍA Y BRICOLAJE CANARIAS, S.L."
"MAICONSA APLICACIONES, S.L."
"FLOPP PROCLEAN, S.L. (ASELLERA)"
"FERRETERÍA MIRABAL, S.L."
"FERRETERÍA LEPANTO, S.L."
"FERRETERÍA MELCHOR MANEIRO, S.L."
"FERRETERIA ESIN, S.A."
"ANTONIO MILÁN, S.A."
"SUBMINISTRAMENTS INDUSTRIALS MARCO, S.L."
"VIVEROS FIDELA, S.L. (FERRETERÍA EL SABIO FIDELAS)"
"BIOCENTER DISTRIBUCIÓN GREEN PROJECT, S.L."
"VENT DE FRANCE LA TRAMUNTANA, S.A.U. - DIVISIÓN PERFUMERÍA"
"PETUXE COSMETICS, S.L."
"FERRETERÍA CHERJOS, S.L."
"HIJOS DE C.V. OTERO, S.A."
"ALMACENES NARTALLO, S.L."
"CASA LUZ, S.L."
"DALPES, S.A."
"FERRETERÍA MORALA, S.L."
"ALMACENES RODRÍGUEZ, S.L."
SUMINISTROS MORENO (ANTONIO MORENO BERMEJO)
"M.S. SCREWS, S.L."
"FERRETERÍA MAQUINARIA Y GAS, S.L. (FEMAGAS)"
"MATERIALES DE CONSTRUCCIÓN AYOA, S.L."
"MATERIALES DE CONSTRUCCIÓN JUMAR, S.L."
"MATERIALES DE CONSTRUCCIÓN ANCRIBEA, S.L."
"FERRALLAS TEBAR BERMEJO, S.L."
"FERRETERÍA IMPERIAL, S.L."
"SUMINISTROS VALDEPEÑAS 2020, S.L."
"ALMACENES ALFER, S.L."
"FERRETERÍA ROCES BELÓN, S.L."
"FERRETERIA TARANCÓN, S.L."
"FERRETERIA MARCOS, S.C."
"FERRETERÍA PORTELA, S.L."
"FERRETERÍA CRESPO, S.L."
"SUMINISTROS PUNTO FIJO, S.L."
"FERGRES, S.L."
FERREX
EL SABIO VL FRIOL
"EURO SUR DE SANLÚCAR, S.L."
"DREYMA GESTION DE COMPRAS, S.L. (EL SABIO DREYMA)"
MONTAKIT - GRUPO
"FERRETERÍA FUSTES-REÑÉ, S.L."
"SOSA GUTIÉRREZ, S.L."
"SANS, S.A. (PASSION BEAUTÉ)"
ARANZAZU INMACULADA PÉREZ ORTIZ
LIDIA GUTIÉRREZ ROJO (CANTÁBRICO)
"PERFUMERÍA FEGUS, S.L. (CANTÁBRICO)"
MARIA LLOSA GUADALUPE (CANTÁBRICO)
"PERFUMERÍAS GALA, S.L. (GRUPO GALA)"
MARÍA GLORIA FERNÁNDEZ FERNÁNDEZ (CANTÁBRICO)
ÁNGELES TORRE ATECA (CANTÁBRICO)
VICTORIA GÓMEZ LÓPEZ (CANTÁBRICO)
"CARPINTERÍA Y BRICOLAGE FIL, S.L."
"ALQUILERES LUNA, S.L."
"PRIMA DERM, S.L."
"CEPILLERIA BAMAR, S.A."
"COTOBLANC, S.A."
"INDUSTRIAS DOMÍNGUEZ GÓMEZ, S.A."
"LABORATORIOS VIGMAR, S.L."
"MAYMÓ COSMETICS, S.A."
"COTY BEAUTY SPAIN, S.L."
"IBERCHEM, S.A."
"DUARTE Y BELTRÁN, S.A."
"CASTILLO DISTRIBUIDORA DEL PAPEL, S.L."
"COMERCIAL PERCOFER, S.L."
"INVESTIGACIÓN Y DESARROLLO DE COSMÉTICOS, S.A. - IDESCO"
"PICCOLA, S.L."
"MANUEL VARCÁS, S.A."
BENET CARRERAS
"GUIRMA, S.A."
"GARBEP, S.A."
"UNIÓN PROMOTORA ARCE, S.A."
"ANEXOS AROMYA, S.L."
"COMERCIAL FARLABO ESPAÑA, S.L."
"DISTRIBUCIONES Y REPRESENTACIONES LEDERMA, S.L."
"GLOSA TEN, S.L."
"FAGROL, S.A."
"DROGUERIA Y PERFUMERIA QUINTAS, S.L."
MANUEL JODAR ORTIZ
SOCIEDAD ANÓNIMA DE PRODUCTOS DETERGENTES REUNIDOS 
"SONY PICTURES HOME ENTERTAINMENT Y CIA., S.R.C."
"GOIPE HUELVA, S.L."
"PARFUMS VENUS, S.L."
"ESTABLECIMIENTOS AGUILAR, S.A."
"CORAL, S.A."
"CABER FERRETERIA, S.A."
"CENTREX, S.A.U."
"P.P. FERNANDEZ, S.A."
"VIVES MARÍN, S.A."
"DROGUERIAS GONSI, S.L."
"FERRETERÍA ANSERJO, S.A."
"COMERCIAL DE SUMINISTROS IBERIA, S.A."
"INSTALACIONES ELÉCTRICAS VICENTE GUASCH Y CARDONA, S.A."
"FERRETERIA SALVIA, S.L."
"APLINCO, S.L."
"SUMINISTROS INDUSTRIALES ALAGARDA, S.L."
"FERRETERÍA ROYMAR, S.L."
"COLONIAS Y FRAGANCIAS, S.L."
"PERFUMERIA INNOVADORA, S.L. (PASSION BEAUTE)"
"FIESTAS GUIRCA, S.L."
"FRANCISCO VILLAR, S.A."
"MANUELA BARRONES FUENTESAL, S.L."
"ANSELL SPAIN, S.L."
"NETYA, S.L."
"ECONO DROPER, S.L."
"ECONO 4, S.L."
"NEGRO DIVINO, S.L."
"JANFER SUMINISTROS PARA INDUSTRIA, S.L."
"LIMFOR FORMENTERA, S.L."
"PERFUMERÍA AZAHAR, S.R.L."
"FERRETE, S.A."
"DROSOLU, S.L."
"RIGALL, S.L. (PASSION BEAUTÉ)"
"BRICO CENTRO EXTREMEÑO, S.L."
"SUMINISTROS ESMERALDA, S.L."
"BER-PAL, S.L."
"DANBEL DISTRIBUCIONES EXCLUSIVAS, S.A."
"FERRETERÍA LÓPEZ FERNÁNDEZ, S.L."
"HERSIGRIM, S.L."
"JACQUES BOGART ESPAÑA, S.L."
"ARCHDEKIN FRANQUICIAS, S.L."
"OASIS PERFUMERÍAS, S.L."
"PIELCU, S.L."
"FERRETERIA PLOMER, S.L."
"BLANCO LIMÓN, S.L."
"ROJO NIEVE, S.L."
"JABONES TER, S.L. "
"FRANCISCO FERNÁNDEZ LIJÓ, S.L."
"DISPROKIN BALEAR, S.L."
"ARAPRODES, S.L. "
"DROINSA, S.L."
"DON DE BAÑOS DE ÉLITE, S.L."
"PADILLA PARFUMS, S.L."
"KLIMER 2000, S.L."
"CASADO QUALITY PRODUCTS, S.A."
"MAFS-INTERLIMP, S.L."
"USE PLÁSTICOS, S.L."
"BALEARS ECOMON, S.L."
"PRODUCTOS CALTER, S.L."
"YUNSEY, S.L."
"ESPONJAS NKS, S.L."
"BAZARANDONA, S.L."
"OCEANIC IMPORT-EXPORT, S.L."
"HS SPAIN COSMETICS, S.L."
"EUROPEA DE CARBONES Y AUXILIARES DEL FUEGO, S.L."
"IBERICA INDUSTRIAL DOS, S.L."
"PERFUMERIAS LA FLOR DEL OLIVO, S.L. (PASSION BEAUTE)"
"LABORATORIOS ANFI, S.L."
"TOYS LEVANTE, S.L."
"FRAGANCIAS MADRID, S.L."
"WORLD CART, S.R.L."
"SUEÑOS LOGÍSTICA, S.L."
"PREVAL, S.A."
"COMINTER TISU, S.L."
"FERRETERIA LLULL BCN, S.L."
"GESTIÓN DE RECURSOS HIGIÉNICOS, S.L."
"DISCOIN DISTRIBUCIONES Y SUMINISTROS, S.L."
"FERRETERÍA SURESTE, S.L."
"HERRAJES EL METRO, S.L."
"MULTISECTORIAL ITEMO, S.L."
"SEBASTIÁN SALAZAR, S.L."
"FERRETERIA CAMPELLO, S.L."
"PORFIRIO MACHADO CORREIA,S.A"
"IBÉRICA DE ESPONJAS VEGETALES, S.L."
"SCIENCE FOR YOU, S.L."
"FERRETERÍA CHÁVEZ, S.L."
"SEIN HERRAMIENTAS SERVICIOS RESULTADOS, S.L."
"FELIPE Y NICOLÁS, S.L."
"FERRETERÍA ALMATRICHE, S.L."
"FERRETERÍA CANDAU, S.L."
"ACCESORIOS VIPA, S.L."
"COMERCIAL CALPE, S.L."
"SUMINISTROS INDUSTRIALES ARNALDOS, S.L."
"FERRETERÍA ALEIX, S.L."
"HERRERO BOSCH, S.L."
"OK SOLUCIONES Y SUMINISTROS, S.L."
"PERUGA FERRETEROS, S.L."
"FERRETERÍA VDA. DE PASCUAL, S.L."
"FERRETERÍA VIOLA, S.L."
"RECHE SUMINISTROS INDUSTRIALES Y TORNILLERIA, S.L."
"GIMENO MAQUINARIA AGRÍCOLA, S.L."
"HIDRA VALLÉS, S.A."
"BRIMABE MATERIALES, S.L."
"COMERCIAL DENIZ PÉREZ, S.C.P."
"FERRETERIA CARIBE, S.L."
"FERRETERÍA CERVERA, S.L."
"FERRETERÍA FERAYU, S.L."
"FIJACIONES CANARIAS, S.L."
"SUNTEX, S.L."
"FERRETERÍA INDUSTRIAL MATARÓ 92, S.L."
"MANUEL RODRÍGUEZ ACOSTA, S.L."
"AGRO INDUSTRIAL VELASCO, S.L."
"FERRETERÍA FRANUR, S.L."
"FERRETERÍA LLEIXA, S.L."
"FERRETERÍA ENCUENTRA, C.B."
"RECAMBIOS PEDRO SIERRA, S.L."
"RECAMBIOS Y LUBRICANTES DEL SUR, S.L. (RELUSUR)"
"PINTURAS QUIBUS, S.L."
"SHUFERR CIAL, S.L."
"SUMINISTROS GOSER, S.L."
"COMERCIAL MARKEDOLS, S.L."
"FERRETERÍA ALMONTE, S.L."
"FERRETERÍA Y MATERIALES DE CONSTRUCCIÓN LAS CASILLAS, S.L."
FERRETERÍA BUCAROS
DANIEL CAMPUZANO MARTÍNEZ
"SIMÓN SÁEZ, S.L."
"DISTRIBUCIONES AISMAVAL, S.L."
PLÁCIDO LINARES FERNÁNDEZ
"PLÁSTICOS AYB DENSIDAD, S.A."
"AIRE DE VENUS, S.L."
"EVERAK SOLUCIONES PROFESIONALES, S.L."
JESÚS NANCLARES
"CIEN FRAGANCIAS, S.L."
"CIFE SPAIN BUSINESS, S.L."
"NETYA FERHIGIENE, S.L."
"FERRETERIA ROSALESA, S.L."
"BED FRAMES, S.L. "
"JERONIMO MARTINS, SGPS, S.A. (GRUPO)"
"SOLIDLABS, S.L."
"STOPTOX LAB, S.L."
"ARTIAL SOLUCIONES, S.L (MASCARILLAS ALCALÁ)"
"PHOENIX GROUP INTEGRAL INDUSTRY, S.L."
ANA MARÍA TUR RENNER (AROMATICKS) - (AROMATICKS)
AROMÀTICS GIRONA
ENTORN FERNÁNDEZ
"COSMÉTICA NATURAL BARCELONA, S.L."
ALMACENES XESTEIRA (EL SABIO XESTEIRA)
"TODO CAMPO DEL SUR, S.L. (TODOCAMPO)"
"DOLCE & GABBANA BEAUTY SPAIN, S.L."
"ALMACENES S. GUERRERO, S.L."
"BLOOME FRAGRANCES, S.L."
"PERFUMERÍAS DALIA, S.L."
"ENEQUIP SERVEIS INTEGRALS, S.L."
"NCD - NATURAL COMPANHIA DETERGENTES - FABRICAÇÃO COM PROD. LIMPEZA, LDA."
"CTEQ - INDÚSTRIA QUÍMICA, S.A."
"RIGO – INDÚSTRIA, COMÉRCIO E REPRESENTAÇÕES, LDA"
"BROSSECAR - INDÚSTRIA E COMÉRCIO DE ESCOVAS AUTO, UNIPESSOAL, LDA"
HIPERPROFESIONAL. S.L.
"CLEANSER, S.L."
"COTALVA, S.A."
"COPROLINOR, S.L. "
"ESTABLECIMIENTOS TAYMAR, S.L."
"JAVA BLUE, S.L."
"DROGUERIA PERFUMERIA ELDA, S.L."
"LA REINA DE SABA, S.L."
JUAN ANTONIO TOMÉ MARTÍNEZ
MIGUEL MEZQUIDA
"ESTABLECIMIENTOS DOYCE, S.L."
"BRABANTIA SPAIN, S.A."
"TREK BICYCLE, S.L."
"FRIDDA DORSCH, S.L."
"LABORATORIOS DERMOCOSMETICOS, S.A."
"PROANDRE, S.L."
"UNICE TOYS, S.L."
"BIOSALUD Y ECOLOGIA, S.A."
TEG ENTERTAINMENT
"EXIN PROYECTOS, S.L."
"ADVANCED MEDICAL PROJECTS, S.L."
"THE PAPER OFFICE EQUIPMENT SPAIN ASS, S.A."
"BIOFRESH COSMETICS, S.L."
"PRESSENTIA EXPERIENCIAS PERSONALES, S.L."
"KELSIA, S.L."
"TRADESMA 2002, S.L."
"QUALYNET RAGO 2000, S.L."
"LOGÍSTICA DE MENAJE, S.L."
"CASTELBEL - ARTIGOS DE BELEZA, S.A."
"AMBISEINT, S.L.U."
"BENAROPER, S.L."
"BARLESA, S.L."
"IMPEX IBÉRICA DEL AUTOMÓVIL, S.A."
"TOY PARTNER, S.A."
"LEJIAS PONS, S.A."
JOAN PALLI ABRES (PASSION BEAUTE)
"PERFUMERIAS 2000, S.L."
"PRODUCTOS QUÍMICOS ALQUIINSA, S.L."
MARIA JOSE JIMENEZ MORALES
"GODOY DROJU, S.A."
"LABORATORIOS AGRUPADOS, S.L."
"MARKWINS LOGISTIC EUROPE, S.L."
"SCALE COMPETITION XTREME, S.L."
"PRODUCTOS DE LIMPIEZA ADRIÁN, S.L."
"ATLANTIC TRADE & EXPORT, S.L."
"GENIDENTITY, S.L."
"SAVELO, S.L."
"REPRESENTACIONES SAN ANTONIO, S.L."
"DETERVIC, S.A."
