,company names,found_links,phones,urls,emails
0,"BRICOINSA, S.L.",https://empresite.eleconomista.es/BRICOINSA.html,933891164,mailto:f.bricoinsa@qfplus.com?subject=Contacto desde https://empresite.eleconomista.es,f.bricoinsa@qfplus.com
1,"MORRISON INFRAESTRUCTURAS CONSTRUCCIONES Y SERVICICIOS, S.A.",https://empresite.eleconomista.es/MORRISON-INFRAESTRUCTURAS-CONSTRUCCIONES-SERVICIOS.html,not found,www.morrisongroups.com,ciser@ciser.es
2,"SUEPRAT IGUALADA, S.L.",https://empresite.eleconomista.es/SUEPRAT-IGUALADA.html,938042554,www.sueprat.es,ventas@sueprat.es
3,"DECORACIONES IMCASA, S.L.",https://empresite.eleconomista.es/DECORACIONES-IMCASA.html,915280875,www.decoracionesimcasa.com,administracion@decoracionesimcasa.com
4,"MATERIALS DE CONSTRUCCIO ILLA, S.L.",https://empresite.eleconomista.es/MATERIALS-CONSTRUCCIO-ILLA.html,938387173,www.grupobdb.com,illa@grupobdb.com
5,"COMERCIAL SARIEGO, S.L.",https://empresite.eleconomista.es/COMERCIAL-SARIEGO.html,985748380,www.comercialsariego.es,info@comercialsariego.es
6,"TRADINOX, S.A.",https://empresite.eleconomista.es/TRADINOX.html,916420944,www.tradinox.es,tradinox@tradinox.es
7,"D.M.C. CERAMICAS, S.L.",https://empresite.eleconomista.es/DMC-CERAMICAS.html,943461117,www.dmc-ceramicas.com,dmc@dmc-ceramicas.com
8,"UTREMEL UTRERA, S.L.",https://empresite.eleconomista.es/UTREMEL-UTRERA.html,955868222,www.utremel.es,utremel@utremel.es
9,"IMPERNOSA, S.L.",https://empresite.eleconomista.es/IMPERNOSA.html,986302727,www.impernosa.com,impernosa@impernosa.com
10,"ARICETA, S.A.",https://empresite.eleconomista.es/ARICETA.html,943556680,www.ariceta.bigmat.es,almacenes@ariceta.es
11,"CONSTRUCCIONES JULIAN FRANCO, S.L.",https://empresite.eleconomista.es/CONSTRUCCIONES-JULIAN-FRANCO.html,987238400,www.hotelinfantasdeleon.com,cjfranco@iprodat.es
12,"ABC PALAU, S.L.",https://empresite.eleconomista.es/ABC-PALAU.html,938644586,www.abcgrup.com,abcpalau@abcgrup.com
13,"GRES Y AZULEJOS GALAPAGAR, S.L.",https://empresite.eleconomista.es/GRES-AZULEJOS-GALAPAGAR.html,918516863,www.gresyazulejosgalapagar.es,gresyazulejosgalapagargalapagar@yahoo.es
14,"CORTES LEVANTE, S.L.",https://empresite.eleconomista.es/CORTES-LEVANTE.html,918706194,www.corteslevante.com,info@corteslevante.com
15,"SOCYR 99, S.L.",https://empresite.eleconomista.es/SOCYRMA-2000.html,not found,not found,not found
16,"AGUILAR ADELL, S.L.",https://empresite.eleconomista.es/AGUILAR-ADELL.html,964160338,mailto:aguilaradellsl@gmail.com?subject=Contacto desde https://empresite.eleconomista.es,aguilaradellsl@gmail.com
17,"SUMHTEC 96, S.L.",https://empresite.eleconomista.es/SUMHTEC-96.html,959384553,www.sumhtec.com,administracion@sumhtec.com
18,"NOVELEC DEL SOL, S.L.",https://empresite.eleconomista.es/NOVELEC-SOL.html,952176757,mailto:sol@gruponovelec.com?subject=Contacto desde https://empresite.eleconomista.es,sol@gruponovelec.com
19,"AZULEJOS MORAIRA, S.L.",https://empresite.eleconomista.es/AZULEJOS-MORAIRA.html,965744994,www.azulejosmoraira.com,info@azulejosmoraira.com
20,"CPP CHEMICAL GROUP, S.L",https://empresite.eleconomista.es/CHEMICAL-PROVIDERS-GROUP.html,not found,mailto:administracion@chempro.es?subject=Contacto desde https://empresite.eleconomista.es,administracion@chempro.es
21,"EXPO-HOGAR MATERIALES DE CONSTRUCCION, S.L.",https://empresite.eleconomista.es/EXPO-HOGAR-MATERIALES-CONSTRUCCION.html,941445035,mailto:expo-hogar@hotmail.com?subject=Contacto desde https://empresite.eleconomista.es,expo-hogar@hotmail.com
22,"RAIL. ONE TRACK SYSTEMS, S.A.",https://empresite.eleconomista.es/RAIL-ONE-TRACK-SYSTEMS.html,977296553,www.railone.com,info@railone.com
23,"TECNOHABITAT, S.A.",https://empresite.eleconomista.es/TECNOHABITAT.html,933226811,mailto:ocean@inmobiliariaocean.com?subject=Contacto desde https://empresite.eleconomista.es,ocean@inmobiliariaocean.com
24,"MATERIALES CHISVERT, S.L.",https://empresite.eleconomista.es/MATERIALES-CHISVERT.html,962541040,www.grupobdb.com,chisvert@grupobdb.com
25,"HORMIGONES BOADILLA, S.A.",https://empresite.eleconomista.es/HORMIGONES-BOADILLA.html,916437726,mailto:hormigonesboadilla@hboadilla.com?subject=Contacto desde https://empresite.eleconomista.es,hormigonesboadilla@hboadilla.com
26,"ELECTRO BPV, S.L.",https://empresite.eleconomista.es/ELECTRO-BPV.html,916066868,www.grupobpv.es,electro@grupobpv.es
27,"HERMANOS MORENO M, S.L.",https://empresite.eleconomista.es/HERMANOS-MORENO-M.html,963490009,www.morenohermanos.com,administracion@morenohermanos.com
28,"EGOIN, S.A.",https://empresite.eleconomista.es/EGOIN.html,946276000,www.egoin.com/en,egoin@egoin.com
29,"CALES DE LA PLANA, S.A.",https://empresite.eleconomista.es/CALES-PLANA.html,964590105,www.calcinor.com,caplansa@calcinor.com
30,"GRUPO INMOBILIARIO GOMENDIO, S.L.",https://empresite.eleconomista.es/GRUPO-INMOBILIARIO-GOMENDIO.html,912294200,www.gomendio.com,admon@gomendio.es
31,GRUPO EMPRESARIAL HIERROS ALFONSO,https://empresite.eleconomista.es/HIERROS-ALFONSO.html,976517400,www.grupohierrosalfonso.com,info@hierrosalfonso.com
32,"KEYTER TECHNOLOGIES, S.L.",https://empresite.eleconomista.es/KEYTER-INTARCON-OPERATIONS.html,not found,mailto:mjlopez@keyter-intarcon.com?subject=Contacto desde https://empresite.eleconomista.es,mjlopez@keyter-intarcon.com
33,"DIEMAN, S.A.",https://empresite.eleconomista.es/DIEMAN.html,967254133,www.dieman.net,dieman@dieman.net
34,"INGEPERFIL, S.L.",https://empresite.eleconomista.es/INGEPERFIL.html,931122380,www.ingeperfil.com,info@ingeperfil.com
35,"PUERTAS PADILLA, S.L.",https://empresite.eleconomista.es/PUERTAS-PADILLA.html,not found,not found,not found
36,"LANA, S. COOP.",https://empresite.eleconomista.es/LANA-GUIPUZCOA.html,943780700,www.lana.eu,encofrados@lana.eu
37,"WACKER NEUSON, S.A.",https://empresite.eleconomista.es/WACKER-NEUSON.html,916757525,www.wackerneuson.com,info.es@wackerneuson.com
38,"IZAR CUTTING TOOLS, S.A.L. ",https://empresite.eleconomista.es/IZAR.html,943391015,www.sal-izar.com,fvalle@sal-izar.com
39,"CIMENTS DE BALEARS, S.A.",https://empresite.eleconomista.es/CIMENTS-BALEARS.html,971253502,www.ciments.es,administracion@ciments.es
40,NAVAS - GRUPO,https://empresite.eleconomista.es/NAVAS-NAVASA-OBRAS.html,934095310,mailto:tecnica3@grupo-navas.com?subject=Contacto desde https://empresite.eleconomista.es,tecnica3@grupo-navas.com
41,"VIESSMANN, S.L.",https://empresite.eleconomista.es/VIESSMANN.html,902399299,www.viessmann.es,info@viessmann.es
42,"FERCOFLOOR, S.L.",https://empresite.eleconomista.es/FERCOFLOOR.html,957664050,www.fercofloor.com,fercofloor@fercofloor.com
43,"BADRINAS, S.A.U.",https://empresite.eleconomista.es/BADRINAS.html,934607820,www.badrinas.com,info@badrinas.com
44,"VIALEX CONSTRUCTORA ARAGONESA, S.L.",https://empresite.eleconomista.es/VIALEX-CONSTRUCTORA-ARAGONESA-PAVIMENTOS-AUXI.html,not found,not found,not found
45,"ALFA DYSER, S.L.",https://empresite.eleconomista.es/ALFA-DYSER.html,937831011,www.alfadyser.com,alfa@alfadyser.com
46,"UNIFERSA 2006, S.A.",https://empresite.eleconomista.es/UNIFERSA-2006.html,981396474,www.unifersa.es,unifersa@unifersa.es
47,"AKZO NOBEL COATINGS, S.L.",https://empresite.eleconomista.es/AKZO-NOBEL-COATINGS.html,934842500,www.akzonobel.com,zonafranca.recepcion@akzonobel.com
48,"TECHNO SUN, S.L.",https://empresite.eleconomista.es/TECHNO-SUN.html,963826565,www.technosun.com,comercial@technosun.com
49,"VESCOM HISPANIA, S.L.",https://empresite.eleconomista.es/VESCOM-HISPANIA.html,not found,www.vescom.com,i.roig@vescom.com
50,"FERROCAR, S.L.",https://empresite.eleconomista.es/FERROCAR-36.html,not found,mailto:ferrocar36@hotmail.com?subject=Contacto desde https://empresite.eleconomista.es,ferrocar36@hotmail.com
51,"FORMAC, S.A.",https://empresite.eleconomista.es/FORMAC.html,932463403,www.sivis.es,formac@sivis.es
52,"ALCONGAL, SDAD. COOP. GALLEGA",https://empresite.eleconomista.es/SDAD-COOP.html,not found,not found,not found
53,"RCR ARANDA PIGEM VILALTA ARQUITECTOS, S.L.",https://empresite.eleconomista.es/RCR-ARANDA-PIGEM-VILALTA-ARQUITECTES-SLP.html,972269105,www.rcrarquitectes.es,rcr@rcrarquitectes.es
54,"WILO IBERICA, S.A.",https://empresite.eleconomista.es/WILO-IBERICA.html,918797100,www.wilo.com,wilo.iberica@wilo.com
55,"HIJOS DE LORENZO SANCHO, S.A.",https://empresite.eleconomista.es/HIJOS-LORENZO-SANCHO.html,944218820,www.hierrossancho.com,info@hierrossancho.com
56,"HIERROS J. OLMOS, S.A.",https://empresite.eleconomista.es/HIERROS-ACEROS-OLMOS.html,not found,https://ranking-empresas.eleconomista.es/ranking_empresas_nacional.html,not found
57,"AIRZONE CLIMA, S.L.",https://empresite.eleconomista.es/AIRZONE-CLIMA.html,952028575,www.altracorporacion.es,info@altracorporacion.es
58,"ANIDA OPERACIONES SINGULARES, S.A.",https://empresite.eleconomista.es/CABALLERO-HERMANOS-OPERACIONES-SINGULARES.html,not found,not found,not found
59,"JOSEL, S.L.",https://empresite.eleconomista.es/JOSEL.html,933636950,www.nyn.es,info@nyn.es
60,"BACO CENTRAL DE COMPRAS, S.L.",https://empresite.eleconomista.es/BACO-CENTRAL-COMPRAS.html,938015647,www.bacosl.com,not found
61,"SEIDOR CONSULTING, S.L.",https://empresite.eleconomista.es/SEIDOR-CONSULTING.html,902995374,mailto:pmadrid@seidor.com?subject=Contacto desde https://empresite.eleconomista.es,pmadrid@seidor.com
62,"FULCRUM PLANIF. ANALISIS Y PROYECTO, S.A.",https://empresite.eleconomista.es/FULCRUM-PLANIFICACION-ANALISIS-PROYECTO.html,944807027,www.fulcrum.es,ingenieria@fulcrum.es
63,"TERRATEST GROUP, S.L.",https://empresite.eleconomista.es/TERRATEST-GROUP.html,914237500,www.terratest.com,terratest@terratest.es
64,"BC ARQ, S.A.",https://empresite.eleconomista.es/ARQ.html,not found,not found,not found
65,"H.C.P. Y ARQUITECTOS ASOCIADOS, S.L.",https://empresite.eleconomista.es/HCP-Y-ARQUITECTOS-ASOCIADOS.html,952227707,www.hcparquitectos.com,administracion@hcparquitectos.com
66,"ELEKTRA CATALUNYA XXI, S.L.",https://empresite.eleconomista.es/ELEKTRA-ANDALUCIA-XXI.html,954999666,www.grupoelektra.es,jlarranaga@elektra-sa.es
67,"PROFFETIONAL FINISHING DESIGN, S.L.",https://empresite.eleconomista.es/PROFFETIONAL-FINISHING-DESIGN.html,913318655,www.proffetional.com,financiero@proffetional.com
68,"AYUSO GRUPO EMPRESARIAL, S.L.",https://empresite.eleconomista.es/AYUSO-GRUPO-EMPRESARIAL.html,914852750,www.grupoayuso.org,juliadelgado@vicentegallego.c.telefonica.net
69,"SEDAL, S.L.",https://empresite.eleconomista.es/SEDAL.html,936803300,www.sedal.com,comercial@sedal.com
70,"DE DIETRICH THERMIQUE IBERIA, S.L.",https://empresite.eleconomista.es/DIETRICH-THERMIQUE.html,not found,not found,not found
71,"RIOS RENOVABLES, S.L.",https://empresite.eleconomista.es/RIOS-RENOVABLES.html,948840056,www.riosrenovables.com,info@riosrenovables.com
72,"INOXPAN, S.L.",https://empresite.eleconomista.es/INOXPAN.html,937579411,www.pando.es,administracion@pando.es
73,"CONSTRUCCIONES MARIEZCURRENA, S.L.",https://empresite.eleconomista.es/CONSTRUCCIONES-MARIEZCURRENA.html,948211362,www.mariezcurrena.com,info@mariezcurrena.com
74,"ACSA OBRAS E INFRAESTRUCTURAS, S.A.",https://empresite.eleconomista.es/OBRASCON-HUARTE-LAIN-ACSA-OBRAS-INFRAESTRUCTURAS-UTE-TUBERIA-TRINITAT-LEY-181982.html,934463850,http://www.acsa.es,tcm@acsa.es
75,"CONSTRUCCIONES SERROT, S.A.",https://empresite.eleconomista.es/SERROTA.html,not found,mailto:zulema.yano@creddo.es?subject=Contacto desde https://empresite.eleconomista.es,zulema.yano@creddo.es
76,"GSE INMUEBLE LLAVES EN MANO, S.L.",https://empresite.eleconomista.es/GSE-INMUEBLE-LLAVES-MANO.html,933789333,www.gsegroup.com,msamassa@gsegroup.com
77,"ROIG CONSTRUCCIONES Y SERVICIOS, S.L.",https://empresite.eleconomista.es/ROIG-CONSTRUCCIONES-SERVICIOS.html,934519194,www.roigconstruccions.com,roig@roigconstruccions.com
78,"SEVENTY EIGHT, S.L.",https://empresite.eleconomista.es/SEVENTY-EIGHT.html,976570970,www.seventyeight.es,info@seventyeight.es
79,"ROTO FRANK, S.A.",https://empresite.eleconomista.es/ROTO-FRANK.html,935689048,www.roto-frak.es,info.sp@roto-frank.com
80,"REFORMAM NETWORK 2010, S.L.",https://empresite.eleconomista.es/REFORMAM-NETWORK-2010.html,971574383,www.reformam.com,contacto@reformam.com
81,"THU PERFIL, S.L.U.",https://empresite.eleconomista.es/THU-PERFIL.html,961345123,www.thu.es,info@thu.es
82,"POLYTHERM SISTEMAS, S.A.",https://empresite.eleconomista.es/POLYTHERM-ESPANOLA.html,916586960,www.polytherm.es,info@polytherm.es
83,"CIMENTS TERRA FERMA, S.A.",https://empresite.eleconomista.es/CIMENTS-TERRA-FERMA.html,973601100,mailto:info@prefabricadospujol.com?subject=Contacto desde https://empresite.eleconomista.es,info@prefabricadospujol.com
84,"CONSTRUCCIONES MAYGAR, S.L.",https://empresite.eleconomista.es/CONSTRUCCIONES-MAYGAR.html,902221020,www.maygar.es,maygar@maygar.es
85,"EXIOM SOLUTION, S.A. - GRUPO",https://empresite.eleconomista.es/EXIOM-SOLUTION.html,984033709,www.exiomsolution.com,info@exiomsolution.com
86,"DOMO GESTORA DE VIVIENDAS, S.L.",https://empresite.eleconomista.es/DOMO-GESTORA-VIVIENDAS.html,917190788,www.grupodomo.com,informacion@domogestora.com
87,"MAQUINARIA Y SERVICIOS GARMO, S.L.",https://empresite.eleconomista.es/MAQUINARIA-SERVICIOS-GARMO.html,902220077,www.ggm.es,correo@ggm.es
88,PLAFESA - GRUPO,https://empresite.eleconomista.es/PLACANSIDER.html,not found,mailto:victoria.romero@placansider.es?subject=Contacto desde https://empresite.eleconomista.es,victoria.romero@placansider.es
89,"PLANIGESA, S.A.",https://empresite.eleconomista.es/PLANIGESA.html,913534400,mailto:notificarb@realia.es?subject=Contacto desde https://empresite.eleconomista.es,notificarb@realia.es
90,GRUPO BERDIN,https://empresite.eleconomista.es/BERDIN-SERVICIOS-ALIMENTARIOS.html,948281408,mailto:bgarin@grupoberdin.com?subject=Contacto desde https://empresite.eleconomista.es,bgarin@grupoberdin.com
91,"GALILUX ELECTRICIDAD, S.L.",https://empresite.eleconomista.es/GALILUX-ELECTRICIDAD.html,988510298,mailto:administracion@galilux-sl.es?subject=Contacto desde https://empresite.eleconomista.es,administracion@galilux-sl.es
92,"GEZE IBERIA, S.R.L.U.",https://empresite.eleconomista.es/GEZE-IBERIA.html,902194036,www.geze.es,info@geze.es
93,"ALTAMIRA SANTANDER REAL ESTATE, S.A.",https://empresite.eleconomista.es/ALTAMIRA-SANTANDER-REAL-ESTATE.html,914842874,www.altamirainmuebles.com,controlintergesban@gruposantander.com
94,"COMINDEX, S.A.",https://empresite.eleconomista.es/COMINDEX.html,935444430,www.comindex.es,comindex@comindex.es
95,"ALCHIBESA, S.L.",https://empresite.eleconomista.es/ALCHIBESA.html,938409078,www.alchibesa.com,recepcion@alchimica.es
96,"SUNCLEAR, S.A.",https://empresite.eleconomista.es/PLASTICOS-ALTUMAX.html,933369980,www.sunclear.fr,info@sunclear.es
97,"TPF GETINSA EUROESTUDIOS, S.L.",https://empresite.eleconomista.es/TPF-GETINSA-EUROESTUDIOS-ALAUDA-INGENIERIA.html,not found,not found,not found
98,"PUERTAS DILE, S.L.",https://empresite.eleconomista.es/PUERTAS-DILE.html,943102000,www.puertasdile.com,javier@puertasdile.com
99,"INSTALLUX EXTRUSION SERVICES, S.L.",https://empresite.eleconomista.es/INSTALLUX-EXTRUSION-SERVICES.html,935602350,www.installux-es.com,recepcio@installux-es.com
100,"LABORATORIOS RAYT, S.A.U.",https://empresite.eleconomista.es/LABORATORIOS-RAYT.html,934607820,www.rayt.com,info@rayt.com
101,"SANITARIOS BOSCO, S.A.",https://empresite.eleconomista.es/SANITARIOS-BOSCO.html,934155589,www.sanitariosbosco.es,info@sanitariosbosco.es
102,"TERMOBURGOS, S.A.",https://empresite.eleconomista.es/TERMOBURGOS.html,947265646,www.termoburgos.com,termoburgos@termoburgos.com
103,"ACCESSORIS SENCOR, S.A.",https://empresite.eleconomista.es/ACCESSORIS-SENCOR.html,938784711,www.sencor.cat,sencor@sencor.cat
104,"HIESCOSA ARANDA HIERROS, S.L.",https://empresite.eleconomista.es/HIESCOSA-ARANDA-HIERROS.html,947500582,mailto:arandaoficina@grupohiescosa.com?subject=Contacto desde https://empresite.eleconomista.es,arandaoficina@grupohiescosa.com
105,"COYSA SANITARIOS, S.L.",https://empresite.eleconomista.es/COYSA-SANITARIOS.html,913689004,www.grupocoysa.com,coysa@grupocoysa.com
106,"DICOMAT, S.L.",https://empresite.eleconomista.es/DICOMAT.html,916621362,www.dicomat.com,administracion@dicomat-asetyc.com
107,"GIESSE GROUP IBERIA, S.A.",https://empresite.eleconomista.es/GIESSE-GROUP-IBERIA.html,936853600,www.tyman-international.com,info.es@schlegelgiesse.com
108,"VIVIENDAS SOCIALES E INFRAESTRUCTURAS DE CANARIAS, S.A.U. - VISOCAN",https://empresite.eleconomista.es/VIVIENDAS-SOCIALES-INFRAESTRUCTURAS-CANARIAS.html,922238001,www.visocan.es,tirsodemolina@visocan.es
109,"HORMICRUZ, S.L.",https://empresite.eleconomista.es/HORMICRUZ.html,968680820,www.hormicruz.com/,hormicruz@hormicruz.es
110,"COMERCIAL PERALBA, S.A.",https://empresite.eleconomista.es/COMERCIAL-PERALBA-VIC-MANRESA.html,938860452,www.peralba.com,vic@peralba.com
111,"DISTIPLAS FLOORS, S.L.",https://empresite.eleconomista.es/DISTIPLAS-CANARIAS.html,918704810,mailto:info@distiplas.com?subject=Contacto desde https://empresite.eleconomista.es,info@distiplas.com
112,"HAGER SISTEMAS, S.A.",https://empresite.eleconomista.es/HAGER-SISTEMAS.html,938424730,www.hager.com,montse.nieto@hager.com
113,"SISTEMAS ALUMISAN, S.L.",https://empresite.eleconomista.es/SISTEMAS-ALUMISAN.html,981562690,www.alumisan.com,comercial@alumisan.com
114,"LOREFAR, S.L.",https://empresite.eleconomista.es/LOREFAR.html,937723961,www.faro.es,faro@lorefar.com
115,"SALI SUMINISTROS, S.L.",https://empresite.eleconomista.es/SALI-SUMINISTROS.html,921425015,www.segopi.es,sali@segopi.es
116,"SUMINISTROS INDUSTRIALES COBSA, S.L.",https://empresite.eleconomista.es/SUMINISTROS-INDUSTRIALES-COBSA.html,925111222,mailto:administracion@ferreteriacobsa.com?subject=Contacto desde https://empresite.eleconomista.es,administracion@ferreteriacobsa.com
117,"ASTIGLASS, S.L.",https://empresite.eleconomista.es/ASTIGLASS.html,954832665,www.astiglass.com,jmv@astiglass.com
118,PRODESA,https://empresite.eleconomista.es/PRODESA.html,not found,not found,not found
119,"VITROMETAL, S.A.",https://empresite.eleconomista.es/VITROMETAL.html,937395115,www.vitrometal.es,sergio.castro.lizar@roca.net
120,"PROMOCIONES HABITAT, S.A.",https://empresite.eleconomista.es/PROMOCIONES-HABITAT.html,900100420,www.habitatinmobiliaria.com,informacion@habitat.es
121,"EGGO STORES SPAIN, S.L. ",https://empresite.eleconomista.es/EGGO-STORES-SPAIN.html,910608943,www.eggo.es,info@eggo.es
122,"ALUMINIOS DE BARCELONA, S.L.",https://empresite.eleconomista.es/ALUMINIOS-BARCELONA.html,936407085,www.aluminiosbarcelona.es,administracion@aluminiosbarcelona.com
123,"FULTON, S.A.",https://empresite.eleconomista.es/FULTON.html,963310702,www.fulton.es,fulton@fulton.es
124,"IMPEX SUMINISTRES, S.L.",https://empresite.eleconomista.es/IMPEX-SUMINISTRES.html,972514460,www.impexsubministres.com,avivas@impexsubministres.com
125,"DROGAS Y PINTURAS LA MODERNA, S.A.",https://empresite.eleconomista.es/DROGAS-PINTURAS-MODERNA.html,937109334,www.gruplamoderna.com,comercial@pintureslamoderna.com
126,"POYATOS EXPORT, S.A.",https://empresite.eleconomista.es/POYATOS-EXPORT.html,958466990,www.poyatos.com,mariajesus@poyatos.com
127,"VALEKTRA XXI, S.L",https://empresite.eleconomista.es/VALEKTRA-XXI.html,961270072,www.grupoelektra.es,valektra@valektra.es
128,"QUIDE, S.A.",https://empresite.eleconomista.es/QUIDE.html,943199144,www.quideva.com,quide@quideva.com
129,"HORNOS INDUSTRIALES PUJOL, S.A.",https://empresite.eleconomista.es/HORNOS-INDUSTRIALES-PUJOL.html,936855672,www.hornospujol.com,hipujol@hornospujol.com
130,"GUILLERMO FABIAN, S.L.",https://empresite.eleconomista.es/GUILLERMO-FABIAN.html,901444555,www.grupoexcelsior.com,info@grupoexcelsior.com
131,"SISTEMAS Y MONTAJES INDUSTRIALES, S.A.",https://empresite.eleconomista.es/SISTEMAS-INDUSTRIALES-MONTAJES-GALICIA.html,not found,not found,not found
132,"SOGESA INSTALACIONES INTEGRALES, S.A.",https://empresite.eleconomista.es/SOGESA-INSTALACIONES-INTEGRALES-HOLDING.html,933452600,www.sogesa.es,cbescos@sogesa.es
133,"MESIMA BILBAO, S.A.",https://empresite.eleconomista.es/MESIMA-BILBAO.html,944575330,www.mesimaweb.com,jose.aurreco@mesima.com
134,"VERESCENCE LA GRANJA, S.L.",https://empresite.eleconomista.es/SGD-GRANJA-VIDRIERIA.html,921417500,www.verescenceinsulators.com,info@sgdlagranja.com
135,"SUMINISTROS PRIEGO, S.L.",https://empresite.eleconomista.es/SUMINISTROS-PRIEGO.html,957770571,www.priego.com,sumpriego@sumpriego.com
136,"ALUGOM MADRID, S.A.",https://empresite.eleconomista.es/ALUGOM-MADRID.html,916164727,www.alugom.com,alugom@alugom.es
137,"CONSULTRANS, S.A. ",https://empresite.eleconomista.es/CONSULTRANS.html,915754616,www.consultrans.es,consultrans@consultrans.es
138,"ESTUDIO LAMELA, S.L.",https://empresite.eleconomista.es/ESTUDIO-LAMELA.html,915743600,www.lamela.com,lamela@lamela.com
139,"CEMENTOS Y MORTEROS DEL CENTRO, S.L.",https://empresite.eleconomista.es/CEMENTOS-MORTEROS-CENTRO.html,925532440,www.cmcmorteros.com,gerencia@cmcmorteros.com
140,"NOUSUMAPE, S.A.",https://empresite.eleconomista.es/NOUSUMAPE.html,938903500,www.nousumape.com,sumape@sumape.com
141,"TVITEC SYSTEM GLASS, S.L.",https://empresite.eleconomista.es/TVITEC-FLOAT-GLASS.html,987021925,www.tvitecglass.com,not found
142,COPROVEN - GRUPO,https://empresite.eleconomista.es/GRUPO-COPROVEN-GESTION.html,944711002,www.coproven.com,not found
143,"IBERGROUP 2005 EMPRESARIAL, S.L.",https://empresite.eleconomista.es/IBERGROUP-2005-EMPRESARIAL.html,915391881,www.ibergroup.com.es,administracion@ibergroup.com.es
144,"GUNNI TRENTINO HOME, S.L.",https://empresite.eleconomista.es/GUNNI-TRENTINO-HOME.html,916424410,www.gunnitrentino.es,trentino@trentino.es
145,"COMERCIAL COSMOS SUR, S.L.",https://empresite.eleconomista.es/COMERCIAL-COSMOS.html,not found,not found,not found
146,"NUEVA ALAPLANA, S.L.",https://empresite.eleconomista.es/NUEVA-ALAPLANA.html,964583434,www.nuevaalaplana.es,nuevaalaplana@nuevaalaplana.com
147,"EXLABESA BUILDING SYSTEMS, S.A.U.",https://empresite.eleconomista.es/BUILDING-SYSTEMS-2012.html,not found,not found,not found
148,"TARRACO EMPRESA CONSTRUCTORA, S.L.",https://empresite.eleconomista.es/TARRACO-EMPRESA-CONSTRUCTORA-BARCELONA.html,935898565,www.tarracoec.com,administracion@tarracoec.com
149,"NORTON EDIFICIOS INDUSTRIALES, S.A.",https://empresite.eleconomista.es/NORTON-EDIFICIOS-INDUSTRIALES.html,944315120,www.nortonei.com,norton@nortonei.com
150,"CONSTRUCCIONES LLULL SASTRE, S.A.",https://empresite.eleconomista.es/CONSTRUCCIONES-LLULL-SASTRE.html,971763570,www.llullsastre.com,jcarpintero@llullsastre.com
151,"OBRAS Y PROYECTOS AGUIRRE, S.L.",https://empresite.eleconomista.es/AGUIRRE-PROYECTOS-CONSTRUCCION-INTEGRAL.html,902347347,mailto:aguirre@aguirrepyc.com?subject=Contacto desde https://empresite.eleconomista.es,aguirre@aguirrepyc.com
152,"ROMA INFRAESTRUCTURES I SERVEIS, S.A.",https://empresite.eleconomista.es/ROMA-INFRAESTRUCTURES-SERVEIS-SAUB-BIOSCA.html,not found,not found,not found
153,"PROYECTOS Y REHABILITACIONES KALAM, S.A.",https://empresite.eleconomista.es/PROYECTOS-REHABILITACIONES-KALAM.html,915040192,www.kalam.es,kalam@kalam.es
154,"CONSTRUCCIONES HERMANOS GARBAYO CHIVITE, S.L.",https://empresite.eleconomista.es/CONSTRUCCIONES-HERMANOS-GARBAYO-CHIVITE.html,948811554,www.garbayochivite.com,info@garbayochivite.com
155,"TETRIS ARQUITECTURA, S.L.U.",https://empresite.eleconomista.es/JONES-LANG-LASALLE-ARQUITECTURA.html,917891100,www.tetris-db.com,informacion@eu.jll.com
156,"DESARROLLA OBRAS Y SERVICIOS, S.L.",https://empresite.eleconomista.es/DESARROLLA-MANTENIMIENTO-OBRAS.html,881888382,www.desarrollamantenimiento.es,pereira@desarrolla.es
157,"CIMENTS DE CATALUNYA, S.A.",https://empresite.eleconomista.es/CIMENTS-CATALUNYA.html,972477151,www.cimencat.com,cimencat@cimencat.com
158,"PROMOCIONES OCEC, S.A.",https://empresite.eleconomista.es/PROMOCIONES-OCEC.html,948229621,mailto:gestion@proginsa.com?subject=Contacto desde https://empresite.eleconomista.es,gestion@proginsa.com
159,"FELIPE DE MARCO, S.A.",https://empresite.eleconomista.es/FELIPE-MARCO.html,916561101,www.felipedemarco.com,comercial@felipedemarcosa.com
160,"SALTOKI CENTRO, S.A.",https://empresite.eleconomista.es/SALTOKI-CENTRO.html,900115511,www.saltoki.com,saltoki@saltoki.es
161,"INCACOLOR, S.L.",https://empresite.eleconomista.es/INCACOLOR.html,971880115,www.incacolor.com,contabilidad@incacolor.com
162,"TUGARO, S.L.",https://empresite.eleconomista.es/TUGARO.html,952701920,www.tugaro.es,info@tugaro.es
163,"CONSTRUMAT VALL DE UXO, S.L.",https://empresite.eleconomista.es/CONSTRUMAT-VALL-UXO.html,964660450,www.construmatlavall.com,admin@construmatlavall.com
